"","name","age","team","position","length","g","gs","mp","fg","fg_pct","x3p","x3p_pct","x2p","x2p_pct","efg_pct","ft","ft_pct","orb","drb","trb","ast","stl","blk","tov","pf","pts","salavg_mil","salary_mil","ifguard","ifwest","isfree","ifplayoff"
"1","Aaron Gordon",23,"ORL","PF",4,78,78,33.8,6,0.449,1.6,0.349,4.5,0.499,0.507,2.4,0.731,1.7,5.7,7.4,3.7,0.7,0.7,2.1,2.2,16,20,80,0,0,0,1
"2","Aaron Holiday",22,"IND","PG",2,50,0,12.9,2.1,0.401,0.9,0.339,1.2,0.459,0.483,0.8,0.82,0.1,1.2,1.3,1.7,0.4,0.3,0.8,1.4,5.9,2.07558,4.15116,1,0,0,1
"3","Abdel Nader",25,"OKC","SF",3,61,1,11.4,1.5,0.423,0.5,0.32,1,0.513,0.498,0.4,0.75,0.2,1.7,1.9,0.3,0.3,0.2,0.4,1.1,4,1.388032,4.164095,1,1,0,1
"4","Al-Farouq Aminu",28,"POR","PF",4,81,81,28.3,3.2,0.433,1.2,0.343,2,0.514,0.514,1.9,0.867,1.4,6.1,7.5,1.3,0.8,0.4,0.9,1.8,9.4,7.5,30,0,1,0,1
"5","Al Horford",32,"BOS","C",4,68,68,29,5.7,0.535,1.1,0.36,4.6,0.604,0.586,1.1,0.821,1.8,5,6.7,4.2,0.9,1.3,1.5,1.9,13.6,28.331557,113.326228,0,0,1,1
"6","Alec Burks",27,"SAC","SG",4,13,0,9.8,0.7,0.45,0,0,0.7,0.643,0.45,0.3,0.8,0.2,1.5,1.7,0.8,0.6,0.1,0.3,0.5,1.7,10.5,42,1,1,0,0
"7","Alex Len",25,"ATL","C",2,77,31,20.1,4.2,0.494,1,0.363,3.2,0.554,0.551,1.8,0.648,2.1,3.5,5.5,1.1,0.4,0.9,1.3,2.6,11.1,4.255,8.51,0,0,0,1
"8","Alfonzo McKinnie",26,"GSW","PF",2,72,5,13.9,1.9,0.487,0.6,0.356,1.3,0.586,0.564,0.4,0.563,1.1,2.3,3.4,0.4,0.3,0.2,0.4,1.9,4.7,1.383118,2.766235,0,1,1,1
"9","Alize Johnson",22,"IND","PF",2,14,0,4.6,0.3,0.25,0.1,0.5,0.2,0.214,0.281,0.3,0.5,0.3,1.1,1.4,0.1,0.1,0.2,0,0.5,0.9,1.127658,2.255316,0,0,1,1
"10","Allen Crabbe",26,"BRK","SG",4,43,20,26.3,3.2,0.367,2.3,0.378,0.9,0.342,0.499,1,0.732,0.4,3.1,3.4,1.1,0.5,0.3,1.1,2.4,9.6,18.708125,74.8325,1,0,1,0
"11","Allonzo Trier",23,"NYK","SG",1,64,3,22.8,3.6,0.448,0.8,0.394,2.8,0.466,0.498,2.8,0.803,0.5,2.6,3.1,1.9,0.4,0.2,1.8,1.8,10.9,3.382,3.382,1,0,1,0
"12","Amir Johnson",31,"PHI","C",1,51,6,10.4,1.5,0.503,0.2,0.3,1.3,0.573,0.541,0.6,0.756,0.9,2,2.9,1.2,0.3,0.3,0.9,1.9,3.9,2.393887,2.393887,0,0,0,1
"13","Andre Drummond",25,"DET","C",5,79,79,33.5,7.1,0.533,0.1,0.132,7,0.548,0.536,3.1,0.59,5.4,10.2,15.6,1.4,1.7,1.7,2.2,3.4,17.3,25.434263,127.171313,0,0,0,1
"14","Andre Iguodala",35,"GSW","SF",3,68,13,23.2,2.2,0.5,0.7,0.333,1.5,0.652,0.579,0.6,0.582,0.7,3,3.7,3.2,0.9,0.8,0.8,1.4,5.7,16,48,1,1,1,1
"15","Andrew Bogut",34,"GSW","C",1,11,5,12.2,1.6,0.5,0,NA,1.6,0.5,0.5,0.3,1,1.1,3.9,5,1,0.3,0.7,0.7,2,3.5,0.486892,0.486892,0,1,0,1
"16","Andrew Wiggins",23,"MIN","SF",4,73,73,34.8,6.8,0.412,1.6,0.339,5.2,0.441,0.461,2.8,0.699,1.1,3.7,4.8,2.5,1,0.7,1.9,2.1,18.1,36.927513,147.71005,1,1,0,0
"17","Anfernee Simons",19,"POR","SG",2,20,1,7.1,1.4,0.444,0.5,0.345,0.9,0.529,0.524,0.5,0.563,0.2,0.5,0.7,0.7,0.1,0,0.6,0.5,3.8,1.99254,3.98508,1,1,0,1
"18","Ante Zizic",22,"CLE","C",3,59,25,18.3,3.1,0.553,0,NA,3.1,0.553,0.553,1.6,0.705,1.8,3.6,5.4,0.9,0.2,0.4,1,1.9,7.8,1.95992,5.87976,0,0,0,0
"19","Anthony Davis",25,"NOP","PF",5,56,56,33,9.5,0.517,0.9,0.331,8.6,0.547,0.54,6.1,0.794,3.1,8.9,12,3.9,1.6,2.4,2,2.4,25.9,25.434263,127.171313,0,1,0,0
"20","Anthony Tolliver",33,"MIN","PF",1,65,0,16.6,1.5,0.382,1.2,0.377,0.3,0.409,0.539,0.7,0.783,0.2,2.5,2.7,0.7,0.3,0.3,0.6,1.4,5,5.75,5.75,0,1,0,0
"21","Antonio Blakeney",22,"CHI","SG",2,57,3,14.5,2.9,0.419,0.6,0.396,2.3,0.426,0.465,0.9,0.658,0.1,1.7,1.9,0.7,0.2,0.2,0.6,0.7,7.3,1.468807,2.937614,1,0,1,0
"22","Aron Baynes",32,"BOS","C",2,51,18,16.1,2.1,0.471,0.4,0.344,1.6,0.519,0.518,1,0.855,1.7,3,4.7,1.1,0.2,0.7,0.8,2.5,5.6,5.32344,10.64688,0,0,1,1
"23","Austin Rivers",26,"HOU","SG",1,47,13,28.6,3.3,0.413,1.5,0.321,1.8,0.541,0.507,0.5,0.51,0.3,1.6,1.9,2.3,0.6,0.3,0.7,2.9,8.7,1.155323,1.155323,1,1,0,1
"24","Avery Bradley",28,"MEM","SG",2,14,14,31.6,6.2,0.463,2,0.384,4.2,0.513,0.537,1.6,0.92,0.6,2.6,3.1,4,1,0,2,2.4,16.1,12.48,24.96,1,1,1,0
"25","B.J. Johnson",23,"SAC","SF",1,1,0,6,1,0.5,0,0,1,1,0.5,0,NA,0,0,0,0,0,0,0,1,2,0.047371,0.047371,1,1,0,0
"26","Ben Simmons",22,"PHI","PG",4,79,79,34.2,6.8,0.563,0,0,6.8,0.566,0.563,3.3,0.6,2.2,6.6,8.8,7.7,1.4,0.8,3.5,2.6,16.9,6.655113,26.62045,1,0,1,1
"27","Billy Garrett",24,"NYK","SG",1,4,0,15.8,2.8,0.407,0,0,2.8,0.579,0.407,1,1,0,0.8,0.8,1.8,0.3,0.3,0.5,0.8,6.5,0.042634,0.042634,1,0,0,0
"28","Bismack Biyombo",26,"CHO","C",4,54,32,14.5,1.6,0.571,0,NA,1.6,0.571,0.571,1.1,0.637,1.5,3.1,4.6,0.6,0.2,0.8,0.6,1.9,4.4,18,72,0,0,1,0
"29","Blake Griffin",29,"DET","PF",5,75,75,35,8.3,0.462,2.5,0.362,5.7,0.525,0.532,5.5,0.753,1.3,6.2,7.5,5.4,0.7,0.4,3.4,2.7,24.5,34.234964,171.17482,0,0,0,1
"30","Boban Marjanovic",30,"PHI","C",3,22,3,13.9,3.4,0.625,0.2,0.5,3.2,0.634,0.642,1.2,0.722,1.5,3.7,5.1,1.5,0.2,0.5,1,1.5,8.2,7,21,0,0,0,1
"31","Bobby Portis",23,"WAS","PF",4,28,22,27.4,5.6,0.44,1.7,0.403,3.9,0.458,0.507,1.4,0.809,2.3,6.4,8.6,1.5,0.9,0.4,1.6,3,14.3,1.713877,6.855506,0,0,0,0
"32","Bogdan Bogdanovic",26,"SAC","SG",3,70,17,27.8,5.2,0.418,1.9,0.36,3.2,0.462,0.496,1.9,0.827,0.6,2.9,3.5,3.8,1,0.2,1.7,2,14.1,9,27,1,1,1,0
"33","Bojan Bogdanovic",29,"IND","SF",2,81,81,31.8,6.4,0.497,2,0.425,4.4,0.538,0.575,3,0.807,0.4,3.7,4.1,2,0.9,0,1.7,1.7,18,10.5,21,1,0,0,1
"34","Brad Wanamaker",29,"BOS","PG",1,36,0,9.5,1.4,0.476,0.4,0.41,0.9,0.515,0.552,0.7,0.857,0.1,1.1,1.1,1.6,0.3,0.1,0.5,0.9,3.9,0.838464,0.838464,1,0,0,1
"35","Bradley Beal",25,"WAS","SG",5,82,82,36.9,9.3,0.475,2.5,0.351,6.8,0.548,0.54,4.4,0.808,1.1,3.9,5,5.5,1.5,0.7,2.7,2.8,25.6,25.434263,127.171313,1,0,0,0
"36","Brandon Ingram",21,"LAL","SF",4,52,52,33.8,7,0.497,0.6,0.33,6.4,0.521,0.518,3.8,0.675,0.8,4.3,5.1,3,0.5,0.6,2.5,2.9,18.3,5.955921,23.823685,1,1,1,0
"37","Brandon Knight",27,"CLE","PG",5,27,26,22.9,3.3,0.413,1.3,0.371,1.9,0.448,0.498,0.7,0.783,0.3,1.5,1.9,2.3,0.7,0.1,0.9,1.8,8.5,14,70,1,0,1,0
"38","Brook Lopez",30,"MIL","C",1,81,81,28.7,4.4,0.452,2.3,0.365,2.1,0.613,0.571,1.4,0.842,0.4,4.5,4.9,1.2,0.6,2.2,1,2.3,12.5,3.382,3.382,0,0,0,1
"39","Bruce Brown",22,"DET","SG",3,74,56,19.6,1.7,0.398,0.3,0.258,1.4,0.457,0.436,0.6,0.75,0.6,1.9,2.5,1.2,0.5,0.5,0.6,2.4,4.3,1.306392,3.919177,1,0,0,1
"40","Bruno Caboclo",23,"MEM","SF",2,34,19,23.5,2.8,0.427,1.4,0.369,1.4,0.505,0.533,1.2,0.84,1.2,3.4,4.6,1.5,0.4,1,1.1,2.4,8.3,1.183726,2.367451,1,1,1,0
"41","Bryn Forbes",25,"SAS","SG",2,82,81,28,4.4,0.456,2.1,0.426,2.3,0.489,0.568,0.8,0.885,0.2,2.7,2.9,2.1,0.5,0,1,1.9,11.8,3,6,1,1,1,1
"42","Buddy Hield",26,"SAC","SG",4,82,82,31.9,7.6,0.458,3.4,0.427,4.2,0.487,0.56,2.1,0.886,1.3,3.7,5,2.5,0.7,0.4,1.8,2.5,20.7,3.971912,15.887648,1,1,1,0
"43","C.J. Miles",31,"MEM","SF",3,13,0,22.6,3.2,0.4,1.8,0.364,1.4,0.462,0.514,1,0.929,0.1,2,2.1,1.1,0.6,0.4,0.7,1.3,9.3,8.333333,25,1,1,1,0
"44","Caleb Swanigan",21,"SAC","PF",3,3,0,11,1.3,0.444,0,0,1.3,0.571,0.444,0,0,1.3,2.7,4,1.3,0.7,0.3,0.7,2,2.7,1.74636,5.23908,0,1,0,0
"45","Caris LeVert",24,"BRK","SG",4,40,25,26.6,5.2,0.429,1.2,0.312,4,0.483,0.478,2.1,0.691,0.9,2.9,3.8,3.9,1.1,0.4,1.7,1.9,13.7,1.88082,7.523278,1,0,1,0
"46","Cedi Osman",23,"CLE","SF",3,76,75,32.2,4.7,0.427,1.7,0.348,3,0.489,0.504,1.9,0.779,0.6,4.1,4.7,2.6,0.8,0.1,1.5,2.6,13,2.772355,8.317064,1,0,1,0
"47","Chandler Hutchison",22,"CHI","SF",2,44,14,20.3,2.2,0.459,0.3,0.28,1.9,0.516,0.493,0.5,0.605,0.7,3.5,4.2,0.8,0.5,0.1,0.6,1.3,5.2,2.16192,4.32384,1,0,0,0
"48","Chandler Parsons",30,"MEM","SF",4,25,3,19.8,2.7,0.374,1.2,0.309,1.6,0.443,0.453,0.9,0.88,0.2,2.6,2.8,1.7,0.8,0.2,1.3,1.8,7.5,23.609631,94.438523,1,1,1,0
"49","Channing Frye",35,"CLE","PF",1,36,6,9.5,1.2,0.368,0.9,0.405,0.3,0.289,0.504,0.3,0.786,0.1,1.3,1.4,0.6,0.2,0.1,0.4,1.2,3.6,2.393887,2.393887,0,0,0,0
"50","Chasson Randle",25,"WAS","PG",1,49,2,15.2,1.9,0.419,0.9,0.4,0.9,0.441,0.525,0.9,0.694,0.2,0.9,1.1,2,0.5,0.1,0.9,1.9,5.5,0.869094,0.869094,1,0,0,0
"51","Cheick Diallo",22,"NOP","PF",3,64,1,14,2.6,0.62,0,0.25,2.6,0.625,0.622,0.8,0.746,1.2,4,5.2,0.5,0.5,0.5,0.8,1.8,6,1.133678,3.401033,0,1,0,0
"52","Chimezie Metu",21,"SAS","PF",3,29,0,5,0.7,0.328,0,0,0.7,0.339,0.328,0.4,0.765,0.3,0.9,1.2,0.4,0.2,0.1,0.5,0.5,1.8,1.306392,3.919177,0,1,0,1
"53","Chris Boucher",26,"TOR","PF",2,28,0,5.8,1.2,0.447,0.4,0.324,0.8,0.564,0.526,0.5,0.867,0.6,1.4,2,0.1,0.2,0.9,0.3,1.1,3.3,1.022825,2.045649,0,0,1,1
"54","Chris Chiozza",23,"HOU","PG",1,7,0,4.7,0.3,0.25,0.3,0.4,0,0,0.375,0,NA,0.1,0.4,0.6,0.6,0.1,0.1,0.1,0.3,0.9,0.090005,0.090005,1,1,0,1
"55","Chris Paul",33,"HOU","PG",4,58,58,32,5.2,0.419,2.2,0.358,3,0.479,0.508,3,0.862,0.6,3.9,4.6,8.2,2,0.3,2.6,2.5,15.6,39.932648,159.730592,1,1,0,1
"56","Christian Wood",23,"NOP","PF",2,8,2,23.6,6.1,0.533,0.8,0.286,5.4,0.606,0.565,3.9,0.756,1.6,6.3,7.9,0.8,0.9,1.3,1.8,1.8,16.9,1.578979,3.157958,0,1,1,0
"57","Clint Capela",24,"HOU","C",5,67,67,33.6,7.1,0.648,0,NA,7.1,0.648,0.648,2.5,0.636,4.4,8.2,12.7,1.4,0.7,1.5,1.4,2.5,16.6,18,90,0,1,0,1
"58","Cody Zeller",26,"CHO","C",4,49,47,25.4,3.9,0.551,0.1,0.273,3.8,0.57,0.559,2.3,0.787,2.2,4.6,6.8,2.1,0.8,0.8,1.3,3.3,10.1,14,56,0,0,0,0
"59","Collin Sexton",20,"CLE","PG",2,82,72,31.8,6.3,0.43,1.5,0.402,4.9,0.44,0.48,2.6,0.839,0.7,2.2,2.9,3,0.5,0.1,2.3,2.3,16.7,4.41678,8.83356,1,0,0,0
"60","Corey Brewer",32,"SAC","SG",1,24,0,14.7,1.4,0.446,0.4,0.333,1,0.523,0.514,0.9,0.733,0.9,1.5,2.5,1.2,0.8,0.2,0.5,2,4.1,2,2,1,1,0,0
"61","Cory Joseph",27,"IND","PG",4,82,9,25.2,2.8,0.412,0.7,0.322,2.1,0.454,0.463,0.4,0.698,0.5,2.9,3.4,3.9,1.1,0.3,1,1.6,6.5,7.4725,29.89,1,0,0,1
"62","Courtney Lee",33,"DAL","SG",4,22,4,12.2,1.5,0.39,0.5,0.282,1,0.488,0.457,0.2,0.714,0.1,1.1,1.2,1,0.6,0,0.4,0.9,3.6,12.000835,48.00334,1,1,1,0
"63","Cristiano Felicio",26,"CHI","PF",4,60,0,12.4,1.6,0.531,0,0,1.6,0.543,0.531,0.8,0.685,1.3,2.3,3.6,0.6,0.2,0.1,0.6,1.2,4,8,32,0,0,0,0
"64","D'Angelo Russell",22,"BRK","PG",4,81,81,30.2,8.1,0.434,2.9,0.369,5.2,0.482,0.512,2,0.78,0.7,3.2,3.9,7,1.2,0.2,3.1,1.7,21.1,5.754495,23.017978,1,0,0,0
"65","D.J. Augustin",31,"ORL","PG",4,81,81,28,3.9,0.47,1.6,0.421,2.3,0.511,0.566,2.2,0.866,0.5,2,2.5,5.3,0.6,0,1.6,1.4,11.7,7.25,29,1,0,1,1
"66","Dairis Bertans",29,"NOP","SG",2,12,0,13.9,1,0.255,0.8,0.294,0.2,0.154,0.362,0,NA,0.2,0.6,0.8,0.8,0.1,0,0.2,0.6,2.8,0.805536,1.611072,1,1,1,0
"67","Damian Jones",23,"GSW","C",4,24,22,17.1,2.2,0.716,0,NA,2.2,0.716,0.716,1,0.649,1.3,1.8,3.1,1.2,0.5,1,0.7,2.6,5.4,1.583545,6.334179,0,1,1,1
"68","Damian Lillard",28,"POR","PG",5,80,80,35.5,8.5,0.444,3,0.369,5.6,0.499,0.522,5.9,0.912,0.9,3.8,4.6,6.9,1.1,0.4,2.7,1.9,25.8,27.977689,139.888445,1,1,0,1
"69","Damyean Dotson",24,"NYK","SG",3,73,40,27.5,4,0.415,1.7,0.368,2.2,0.461,0.506,1,0.745,0.5,3.1,3.6,1.8,0.8,0.1,1,1.8,10.7,1.365587,4.096762,1,0,1,0
"70","Daniel Theis",26,"BOS","PF",2,66,2,13.8,2.2,0.549,0.4,0.388,1.8,0.603,0.598,0.8,0.737,1.3,2.1,3.4,1,0.3,0.6,0.5,2.4,5.7,1.096929,2.193857,0,0,0,1
"71","Danilo Gallinari",30,"LAC","SF",3,68,68,30.3,6,0.463,2.4,0.433,3.6,0.484,0.554,5.4,0.904,0.8,5.3,6.1,2.6,0.7,0.3,1.5,1.9,19.8,21.587579,64.762737,1,1,1,1
"72","Danny Green",31,"TOR","SG",4,80,80,27.7,3.7,0.465,2.5,0.455,1.2,0.487,0.622,0.5,0.841,0.8,3.2,4,1.6,0.9,0.7,0.9,2.1,10.3,10,40,1,0,0,1
"73","Dante Cunningham",31,"SAS","PF",1,64,21,14.5,1.2,0.475,0.5,0.462,0.7,0.484,0.57,0.2,0.778,0.8,2.2,2.9,0.8,0.4,0.2,0.3,1.1,3,2.487,2.487,0,1,0,1
"74","Dante Exum",23,"UTA","PG",3,42,1,15.8,2.4,0.419,0.4,0.29,2,0.464,0.456,1.6,0.791,0.4,1.2,1.6,2.6,0.3,0.1,1.2,1.6,6.9,11,33,1,1,0,1
"75","Danuel House",25,"HOU","SF",1,39,13,25.1,3,0.468,1.9,0.416,1.1,0.595,0.615,1.4,0.789,0.6,2.9,3.6,1,0.5,0.3,0.9,2.1,9.4,0.247827,0.247827,1,1,0,1
"76","Dario Saric",24,"MIN","PF",4,68,28,23.9,3.8,0.454,1.4,0.383,2.3,0.511,0.54,1.5,0.875,1.5,3.9,5.5,1.5,0.6,0.1,1.1,2.1,10.5,2.687417,10.749666,0,1,1,0
"77","Darius Miller",28,"NOP","SF",2,69,15,25.5,2.7,0.39,1.9,0.365,0.8,0.467,0.528,0.8,0.789,0.2,1.7,1.9,2.1,0.6,0.3,0.9,2.4,8.2,2.1525,4.305,1,1,0,0
"78","Darren Collison",31,"IND","PG",2,76,76,28.2,4.1,0.467,1,0.407,3,0.492,0.527,2.1,0.832,0.5,2.6,3.1,6,1.4,0.1,1.6,1.8,11.2,10,20,1,0,0,1
"79","David Nwaba",26,"CLE","SG",1,51,14,19.3,2.5,0.481,0.5,0.32,2,0.545,0.527,1.1,0.682,0.8,2.4,3.2,1.1,0.7,0.3,0.6,2.1,6.5,1.512601,1.512601,1,0,0,0
"80","Davis Bertans",26,"SAS","SF",2,76,12,21.5,2.7,0.45,1.9,0.429,0.8,0.513,0.61,0.7,0.883,0.3,3.2,3.5,1.3,0.5,0.4,0.6,1.8,8,7.25,14.5,1,1,1,1
"81","De'Aaron Fox",21,"SAC","PG",3,81,81,31.4,6.2,0.458,1.1,0.371,5.2,0.482,0.497,3.7,0.727,0.5,3.2,3.8,7.3,1.6,0.6,2.8,2.5,17.3,5.49096,16.47288,1,1,0,0
"82","De'Anthony Melton",20,"PHO","PG",2,50,31,19.7,2,0.391,0.6,0.305,1.4,0.441,0.447,0.4,0.75,0.5,2.2,2.7,3.2,1.4,0.5,1.5,2.3,5,1.182926,2.365852,1,1,1,0
"83","DeAndre' Bembry",24,"ATL","SF",4,82,15,23.5,3.4,0.446,0.6,0.289,2.7,0.508,0.487,1.1,0.64,0.7,3.7,4.4,2.5,1.3,0.5,1.7,2.3,8.4,1.826396,7.305582,1,0,1,1
"84","Deandre Ayton",20,"PHO","C",2,71,70,30.7,7.2,0.585,0,0,7.2,0.588,0.585,2,0.746,3.1,7.1,10.3,1.8,0.9,0.9,1.8,2.9,16.3,8.86404,17.72808,0,1,0,0
"85","DeAndre Jordan",30,"NYK","C",1,19,19,25.9,4.1,0.634,0,NA,4.1,0.634,0.634,2.7,0.773,3.4,8,11.4,3,0.5,1.1,2.2,2.2,10.9,22.8972,22.8972,0,0,0,0
"86","Delon Wright",26,"MEM","PG",4,26,11,30.8,4.4,0.434,0.8,0.256,3.7,0.508,0.472,2.5,0.742,1.1,4.3,5.4,5.3,1.6,0.6,1.5,1.9,12.2,1.817185,7.268738,1,1,0,0
"87","DeMar DeRozan",29,"SAS","SG",5,77,77,34.9,8.2,0.481,0.1,0.156,8.1,0.492,0.483,4.8,0.83,0.7,5.3,6,6.2,1.1,0.5,2.6,2.3,21.2,27.8,139,1,1,0,1
"88","DeMarcus Cousins",28,"GSW","C",1,30,30,25.7,5.9,0.48,0.9,0.274,5.1,0.551,0.515,3.5,0.736,1.4,6.8,8.2,3.6,1.3,1.5,2.4,3.6,16.3,5.337,5.337,0,1,0,1
"89","DeMarre Carroll",32,"BRK","SF",4,67,8,25.4,3.4,0.395,1.6,0.342,1.8,0.457,0.487,2.7,0.76,1,4.2,5.2,1.3,0.5,0.1,1.1,1.7,11.1,14.5,58,1,0,0,0
"90","Deonte Burton",25,"OKC","SF",2,32,0,7.5,1,0.402,0.3,0.296,0.8,0.455,0.451,0.3,0.667,0.1,0.8,0.9,0.3,0.2,0.3,0.3,1,2.6,0.78422,1.568439,1,1,1,1
"91","Derrick Favors",27,"UTA","PF",2,76,70,23.2,4.8,0.586,0.2,0.218,4.6,0.64,0.6,2,0.675,2.7,4.6,7.4,1.2,0.7,1.4,1.1,2.1,11.8,18.8,37.6,0,1,1,1
"92","Derrick Rose",30,"MIN","PG",1,51,13,27.3,7.1,0.482,1.1,0.37,6.1,0.509,0.518,2.7,0.856,0.6,2.1,2.7,4.3,0.6,0.2,1.6,1.1,18,2.393887,2.393887,1,1,0,0
"93","Derrick White",24,"SAS","PG",3,67,55,25.8,3.9,0.479,0.7,0.338,3.2,0.529,0.523,1.4,0.772,0.5,3.2,3.7,3.9,1,0.7,1.4,2.2,9.9,1.67328,5.01984,1,1,0,1
"94","Devin Booker",22,"PHO","SG",5,64,64,35,9.2,0.467,2.1,0.326,7,0.536,0.521,6.1,0.866,0.6,3.5,4.1,6.8,0.9,0.2,4.1,3.1,26.6,31.61,158.05,1,1,0,0
"95","Devin Booker",22,"PHO","SG",4,64,64,35,9.2,0.467,2.1,0.326,7,0.536,0.521,6.1,0.866,0.6,3.5,4.1,6.8,0.9,0.2,4.1,3.1,26.6,2.496291,9.985165,1,1,0,0
"96","Devin Harris",35,"DAL","PG",1,68,2,15.8,1.9,0.38,0.9,0.31,1,0.476,0.47,1.5,0.761,0.2,1.5,1.6,1.8,0.5,0.2,0.8,2,6.3,2.393887,2.393887,1,1,0,0
"97","Devonte' Graham",23,"CHO","PG",3,46,3,14.7,1.6,0.343,0.7,0.281,0.9,0.421,0.421,0.8,0.761,0.2,1.2,1.4,2.6,0.5,0,0.7,1,4.7,1.356392,4.069177,1,0,0,0
"98","Dewayne Dedmon",29,"ATL","C",2,64,52,25.1,4,0.492,1.3,0.382,2.8,0.57,0.571,1.4,0.814,1.6,5.9,7.5,1.4,1.1,1.1,1.3,3.3,10.8,7.05,14.1,0,0,0,1
"99","Dillon Brooks",23,"MEM","SF",3,18,0,18.3,2.7,0.402,0.8,0.375,1.9,0.415,0.463,1.2,0.733,0.5,1.2,1.7,0.9,0.6,0.2,1.1,2.8,7.5,1.270792,3.812377,1,1,1,0
"100","Dion Waiters",27,"MIA","SG",4,44,28,25.9,4.5,0.414,2.5,0.377,2,0.471,0.528,0.5,0.5,0.2,2.5,2.6,2.8,0.7,0.2,1.5,1.6,12,13,52,1,0,0,0
"101","Dirk Nowitzki",40,"DAL","PF",1,51,20,15.6,2.6,0.359,1.3,0.312,1.4,0.415,0.444,0.8,0.78,0.1,3,3.1,0.7,0.2,0.4,0.4,1.5,7.3,5,5,0,1,0,0
"102","Domantas Sabonis",22,"IND","C",4,74,5,24.8,5.6,0.59,0.1,0.529,5.5,0.592,0.596,2.8,0.715,2.5,6.8,9.3,2.9,0.6,0.4,2.2,3.2,14.1,2.794889,11.179555,0,0,1,1
"103","Donovan Mitchell",22,"UTA","SG",2,77,77,33.7,8.6,0.432,2.4,0.362,6.1,0.468,0.493,4.1,0.806,0.8,3.3,4.1,4.2,1.4,0.4,2.8,2.7,23.8,2.86638,5.73276,1,1,0,1
"104","Donte DiVincenzo",22,"MIL","SG",2,27,0,15.2,1.9,0.403,0.8,0.265,1,0.683,0.492,0.3,0.75,0.6,1.8,2.4,1.1,0.5,0.2,0.7,1.4,4.9,2.6934,5.3868,1,0,0,1
"105","Dorian Finney-Smith",25,"DAL","SF",3,81,26,24.5,2.8,0.432,1,0.311,1.8,0.544,0.507,0.9,0.709,1.7,3.1,4.8,1.2,0.9,0.4,0.9,2.3,7.5,1.133678,3.401033,1,1,0,0
"106","Doug McDermott",27,"IND","SF",3,77,1,17.4,2.7,0.491,1.1,0.408,1.6,0.569,0.59,0.9,0.835,0.2,1.2,1.4,0.9,0.2,0.1,0.5,1.4,7.3,7.333333,22,1,0,0,1
"107","Dragan Bender",21,"PHO","PF",3,46,27,18,1.9,0.447,0.5,0.218,1.4,0.688,0.503,0.7,0.593,0.7,3.2,4,1.2,0.4,0.5,0.8,2,5,4.4688,13.4064,0,1,0,0
"108","Draymond Green",28,"GSW","PF",5,66,66,31.3,2.8,0.445,0.7,0.285,2.1,0.549,0.501,1,0.692,0.9,6.4,7.3,6.9,1.4,1.1,2.6,3,7.4,16.4,82,0,1,1,1
"109","Dwayne Bacon",23,"CHO","SF",3,43,13,17.7,2.8,0.475,0.9,0.437,2,0.494,0.549,0.8,0.739,0.2,1.9,2.1,1.1,0.3,0.1,0.4,1.7,7.3,1.270792,3.812377,1,0,1,0
"110","Dwight Howard",33,"WAS","C",2,9,9,25.6,4.8,0.623,0,NA,4.8,0.623,0.623,3.2,0.604,2.7,6.6,9.2,0.4,0.8,0.4,1.8,3.8,12.8,5.470425,10.94085,0,0,0,0
"111","Dwight Powell",27,"DAL","PF",4,77,22,21.6,3.8,0.597,0.5,0.307,3.3,0.699,0.637,2.5,0.772,1.8,3.5,5.3,1.5,0.6,0.6,0.9,2.6,10.6,9.317188,37.26875,0,1,1,0
"112","Dwyane Wade",37,"MIA","SG",1,72,2,26.2,5.8,0.433,1.2,0.33,4.6,0.472,0.478,2.3,0.708,1,3,4,4.2,0.8,0.5,2.3,1.6,15,2.393887,2.393887,1,0,0,0
"113","Dzanan Musa",19,"BRK","SG",2,9,0,4.3,1,0.409,0.1,0.1,0.9,0.667,0.432,0,0,0.1,0.4,0.6,0.2,0.2,0,0.4,0.1,2.1,1.77192,3.54384,1,0,0,0
"114","E'Twaun Moore",29,"NOP","SG",4,53,36,27.6,4.8,0.481,1.4,0.432,3.4,0.506,0.553,0.8,0.763,0.7,1.7,2.4,1.9,0.8,0.2,1.1,2.1,11.9,8.5,34,1,1,1,0
"115","Ed Davis",29,"BRK","PF",1,81,1,17.9,2.3,0.616,0,0,2.3,0.62,0.616,1.2,0.617,2.7,5.9,8.6,0.8,0.4,0.4,0.8,2.8,5.8,4.449,4.449,0,0,0,0
"116","Edmond Sumner",23,"IND","PG",2,23,2,9.1,1,0.344,0.3,0.259,0.7,0.405,0.398,0.7,0.625,0.4,0.7,1,0.4,0.5,0.2,0.4,1.1,2.9,1.019013,2.038025,1,0,1,1
"117","Ekpe Udoh",31,"UTA","C",2,51,1,6.3,1,0.694,0,NA,1,0.694,0.694,0.4,0.633,0.5,1.2,1.8,0.5,0.2,0.6,0.3,0.7,2.3,3.28,6.56,0,1,0,1
"118","Elfrid Payton",24,"NOP","PG",1,42,42,29.8,4.3,0.434,0.8,0.314,3.5,0.476,0.475,1.3,0.743,1.2,4.1,5.2,7.6,1,0.4,2.7,1.9,10.6,3,3,1,1,0,0
"119","Emmanuel Mudiay",22,"NYK","PG",4,59,42,27.2,5.6,0.446,1.2,0.329,4.4,0.492,0.493,2.4,0.774,0.6,2.8,3.3,3.9,0.7,0.3,2.4,1.7,14.8,3.505,14.02,1,0,0,0
"120","Enes Kanter",26,"POR","C",1,23,8,22.3,5.4,0.577,0.1,0.25,5.3,0.596,0.584,2.2,0.735,3.7,4.9,8.6,1.4,0.6,0.4,1.7,2.7,13.1,0.653556,0.653556,0,1,0,1
"121","Eric Bledsoe",29,"MIL","PG",5,78,78,29.1,6,0.484,1.6,0.329,4.4,0.582,0.548,2.3,0.75,1.1,3.6,4.6,5.5,1.5,0.4,2.1,2,15.9,14,70,1,0,0,1
"122","Eric Bledsoe",29,"MIL","PG",4,78,78,29.1,6,0.484,1.6,0.329,4.4,0.582,0.548,2.3,0.75,1.1,3.6,4.6,5.5,1.5,0.4,2.1,2,15.9,17.5,70,1,0,0,1
"123","Eric Gordon",30,"HOU","SG",4,68,53,31.7,5.6,0.409,3.2,0.36,2.5,0.497,0.525,1.8,0.783,0.3,1.9,2.2,1.9,0.6,0.4,1.3,2.1,16.2,13.221622,52.886489,1,1,1,1
"124","Ersan Ilyasova",31,"MIL","PF",3,67,7,18.4,2.5,0.438,0.9,0.363,1.6,0.493,0.514,0.9,0.824,1.4,3.1,4.5,0.8,0.5,0.3,0.7,2.6,6.8,7,21,0,0,0,1
"125","Evan Fournier",26,"ORL","SG",5,81,81,31.5,5.8,0.438,1.9,0.34,3.9,0.509,0.509,1.7,0.806,0.5,2.7,3.2,3.6,0.9,0.1,1.9,2.8,15.1,17,85,1,0,0,1
"126","Evan Turner",30,"POR","SF",4,73,2,22,2.8,0.46,0.2,0.212,2.6,0.494,0.473,1,0.708,0.5,4,4.5,3.9,0.5,0.2,1.6,1.5,6.8,17.5,70,1,1,1,1
"127","Frank Jackson",20,"NOP","PG",3,61,16,19.2,3.2,0.434,0.9,0.314,2.3,0.507,0.493,0.9,0.74,0.4,1.8,2.2,1.1,0.4,0,0.8,1.5,8.1,1.270792,3.812377,1,1,1,0
"128","Frank Kaminsky",25,"CHO","PF",4,47,0,16.1,2.9,0.463,1.1,0.36,1.9,0.553,0.547,1.7,0.738,0.8,2.6,3.5,1.3,0.3,0.3,0.9,1.4,8.6,2.954491,11.817962,0,0,0,0
"129","Frank Mason",24,"SAC","PG",3,38,0,11.4,1.9,0.42,0.4,0.219,1.5,0.543,0.462,1,0.684,0.2,1,1.1,2.2,0.4,0.1,0.9,0.9,5.1,1.393716,4.181147,1,1,1,0
"130","Frank Ntilikina",20,"NYK","PG",3,43,16,21,2.2,0.337,0.8,0.287,1.4,0.371,0.395,0.5,0.767,0.3,1.7,2,2.8,0.7,0.3,1.3,2.4,5.7,4.17088,12.51264,1,0,0,0
"131","Fred VanVleet",24,"TOR","PG",2,64,28,27.5,3.8,0.41,1.8,0.378,2.1,0.441,0.503,1.5,0.843,0.3,2.3,2.6,4.8,0.9,0.3,1.3,1.7,11,9.055005,18.11001,1,0,1,1
"132","Furkan Korkmaz",21,"PHI","SG",2,48,7,14.1,2,0.4,1,0.326,1.1,0.505,0.496,0.8,0.818,0.3,1.9,2.2,1.1,0.6,0,0.5,1.3,5.8,1.48276,2.96552,1,0,0,1
"133","Garrett Temple",32,"LAC","SG",3,26,6,19.6,1.6,0.396,0.6,0.296,1,0.5,0.472,0.9,0.742,0.4,2.1,2.5,1.4,1,0.2,0.6,2.7,4.7,8,24,1,1,0,1
"134","Gary Clark",24,"HOU","SF",3,51,2,12.6,1,0.331,0.8,0.297,0.2,0.692,0.467,0.1,1,0.5,1.8,2.3,0.4,0.4,0.5,0.1,0.9,2.9,1.225862,3.677585,1,1,0,1
"135","Gary Harris",24,"DEN","SG",4,57,48,28.8,4.7,0.424,1.4,0.339,3.3,0.476,0.488,2,0.799,0.7,2.1,2.8,2.2,1,0.3,1.2,2,12.9,21,84,1,1,0,1
"136","Gary Harris",24,"DEN","SG",4,57,48,28.8,4.7,0.424,1.4,0.339,3.3,0.476,0.488,2,0.799,0.7,2.1,2.8,2.2,1,0.3,1.2,2,12.9,1.828154,7.312615,1,1,0,1
"137","George Hill",32,"MIL","PG",3,47,0,20.4,2.4,0.428,0.7,0.28,1.7,0.556,0.493,1.1,0.815,0.6,2,2.6,2.1,0.9,0.1,0.7,1.4,6.8,19,57,1,0,1,1
"138","Georges Niang",25,"UTA","SF",3,59,0,8.7,1.5,0.475,0.7,0.41,0.7,0.566,0.594,0.3,0.833,0.2,1.3,1.5,0.6,0.2,0.1,0.4,1,4,1.647172,4.941515,1,1,0,1
"139","Gerald Green",33,"HOU","SG",1,73,0,20.2,3.2,0.4,2.1,0.354,1,0.547,0.535,0.8,0.838,0.4,2.1,2.5,0.5,0.5,0.4,0.8,1.7,9.2,2.393887,2.393887,1,1,0,1
"140","Giannis Antetokounmpo",24,"MIL","PF",4,72,72,32.8,10,0.578,0.7,0.256,9.3,0.641,0.599,6.9,0.729,2.2,10.3,12.5,5.9,1.3,1.5,3.7,3.2,27.7,25,100,0,0,0,1
"141","Goran Dragic",32,"MIA","PG",5,36,22,27.5,5,0.413,1.6,0.348,3.4,0.454,0.479,2.2,0.782,0.6,2.5,3.1,4.8,0.8,0.1,2,2.3,13.7,17.00045,85.00225,1,0,1,0
"142","Gordon Hayward",28,"BOS","SF",4,72,18,25.9,4.1,0.466,1.1,0.333,3,0.542,0.527,2.2,0.834,0.7,3.8,4.5,3.4,0.9,0.3,1.5,1.4,11.5,31.957493,127.82997,1,0,0,1
"143","Gorgui Dieng",29,"MIN","C",4,76,2,13.6,2.5,0.501,0.3,0.339,2.2,0.53,0.527,1.2,0.83,1.1,3,4.1,0.9,0.6,0.5,0.8,1.8,6.4,15.7,62.8,0,1,0,0
"144","Grayson Allen",23,"UTA","SG",2,38,2,10.9,1.8,0.376,0.8,0.323,0.9,0.443,0.466,1.2,0.75,0.1,0.5,0.6,0.7,0.2,0.2,0.9,1.2,5.6,2.25186,4.50372,1,1,0,1
"145","Guerschon Yabusele",23,"BOS","PF",3,41,1,6.1,0.9,0.455,0.2,0.321,0.6,0.531,0.513,0.4,0.682,0.6,0.7,1.3,0.4,0.2,0.2,0.4,0.8,2.3,2.67744,8.03232,0,0,0,1
"146","Hamidou Diallo",20,"OKC","SG",2,51,3,10.3,1.5,0.455,0.1,0.167,1.4,0.504,0.467,0.7,0.61,0.7,1.2,1.9,0.3,0.4,0.2,0.5,1.5,3.7,1.127658,2.255316,1,1,0,1
"147","Harrison Barnes",26,"SAC","SF",4,28,28,33.9,5,0.455,1.9,0.408,3.1,0.489,0.54,2.3,0.8,0.8,4.8,5.5,1.9,0.6,0.1,1.1,1.5,14.3,23.609631,94.438525,1,1,1,0
"148","Harry Giles",20,"SAC","PF",3,58,0,14.1,3,0.503,0,0,3,0.512,0.503,1,0.637,1.1,2.7,3.8,1.5,0.5,0.4,1.3,2.6,7,2.21508,6.64524,0,1,0,0
"149","Hassan Whiteside",29,"MIA","C",4,72,53,23.3,5.4,0.571,0,0.125,5.4,0.581,0.572,1.5,0.449,3.6,7.8,11.3,0.8,0.6,1.9,1.3,2.7,12.3,24.604885,98.419538,0,0,1,0
"150","Henry Ellenson",22,"NYK","PF",2,17,0,13.8,2.1,0.412,0.9,0.441,1.2,0.392,0.5,1,0.739,0.3,3.1,3.4,0.9,0.4,0.1,0.5,1.5,6,0.993594,1.987188,0,0,1,0
"151","Ian Clark",27,"NOP","SG",1,60,6,16.2,2.5,0.394,1.1,0.327,1.4,0.47,0.48,0.6,0.892,0.2,1.3,1.5,1.6,0.4,0.1,1,1.6,6.7,1.757429,1.757429,1,1,0,0
"152","Ian Mahinmi",32,"WAS","C",4,34,6,14.6,1.4,0.452,0.1,0.188,1.3,0.5,0.466,1.2,0.689,1.4,2.4,3.8,0.7,0.7,0.5,0.6,2.5,4.1,16,64,0,0,1,0
"153","Iman Shumpert",28,"HOU","SG",4,20,1,19.1,1.7,0.347,1.1,0.296,0.7,0.481,0.454,0.1,0.5,0.4,2.3,2.7,1.1,0.6,0.2,0.6,1.8,4.6,10,40,1,1,0,1
"154","Isaac Bonga",19,"LAL","PG",3,22,0,5.5,0.2,0.152,0,0,0.2,0.2,0.152,0.4,0.6,0.4,0.7,1.1,0.7,0.4,0.2,0.3,0.4,0.9,1.360238,4.080713,1,1,0,0
"155","Isaac Humphries",21,"ATL","C",2,5,1,11.2,1.2,0.286,0.6,0.273,0.6,0.3,0.357,0,NA,0.8,1.4,2.2,0,0.2,0,0,1.4,3,0.732112,1.464223,0,0,1,1
"156","Isaiah Hartenstein",20,"HOU","PF",3,28,0,7.9,0.7,0.488,0.1,0.333,0.6,0.514,0.512,0.4,0.786,0.8,0.9,1.7,0.5,0.3,0.4,0.5,2,1.9,1.306392,3.919177,0,1,0,1
"157","Isaiah Thomas",29,"DEN","PG",1,12,0,15.1,2.8,0.343,1,0.279,1.8,0.393,0.404,1.4,0.63,0.4,0.7,1.1,1.9,0.4,0.1,1.5,1.4,8.1,2.029463,2.029463,1,1,0,1
"158","Ivan Rabb",21,"MEM","PF",2,49,13,14.7,2.4,0.547,0.1,0.2,2.3,0.574,0.554,1,0.71,1.4,2.8,4.2,1.1,0.3,0.3,0.7,1.8,5.8,1.164121,2.328242,0,1,1,0
"159","Ivica Zubac",21,"LAC","C",3,26,25,20.2,3.8,0.538,0,NA,3.8,0.538,0.538,1.7,0.733,2.3,5.3,7.7,1.5,0.4,0.9,1.4,2.5,9.4,1.297506,3.892518,0,1,0,1
"160","J.J. Redick",34,"PHI","SG",1,76,63,31.3,5.9,0.44,3.2,0.397,2.8,0.502,0.557,3,0.894,0.3,2.2,2.4,2.7,0.4,0.2,1.3,1.7,18.1,12.25,12.25,1,0,0,1
"161","J.R. Smith",33,"CLE","SG",4,11,4,20.2,2.5,0.342,1.1,0.308,1.4,0.375,0.418,0.7,0.8,0,1.6,1.6,1.9,1,0.3,1,1.7,6.7,14.25,57,1,0,1,0
"162","Jabari Parker",23,"WAS","PF",1,25,0,27.3,6,0.523,1,0.296,5,0.613,0.565,2.1,0.684,1.5,5.7,7.2,2.7,0.9,0.6,2.7,2.3,15,20,20,0,0,1,0
"163","Jacob Evans",21,"GSW","SG",2,30,1,6.8,0.6,0.34,0.1,0.267,0.5,0.368,0.377,0,0,0.2,0.6,0.8,0.8,0.2,0.1,0.4,0.9,1.3,1.78506,3.57012,1,1,0,1
"164","Jae Crowder",28,"UTA","SF",5,80,11,27.1,4,0.399,2.2,0.331,1.8,0.527,0.508,1.8,0.721,0.8,4.1,4.8,1.7,0.8,0.4,1.1,2.1,11.9,7,35,1,1,1,1
"165","Jahlil Okafor",23,"NOP","C",1,59,24,15.8,3.6,0.586,0,0.2,3.6,0.591,0.587,1,0.663,1.4,3.3,4.7,0.7,0.3,0.7,0.9,1.6,8.2,1.567007,1.567007,0,1,1,0
"166","Jake Layman",24,"POR","SF",3,71,33,18.7,3,0.509,0.8,0.326,2.2,0.646,0.579,0.7,0.704,0.8,2.3,3.1,0.7,0.4,0.4,0.6,1.6,7.6,1.152521,3.457562,1,1,0,1
"167","Jakob Poeltl",23,"SAS","C",4,77,24,16.5,2.4,0.645,0,NA,2.4,0.645,0.645,0.6,0.533,2.3,3,5.3,1.2,0.4,0.9,0.6,1.6,5.5,3.057952,12.231806,0,1,1,1
"168","Jalen Brunson",22,"DAL","PG",4,73,38,21.8,3.6,0.467,0.9,0.348,2.8,0.523,0.523,1.2,0.725,0.3,2,2.3,3.2,0.5,0.1,1.2,1.7,9.3,1.528193,6.11277,1,1,0,0
"169","Jamal Crawford",38,"PHO","SG",1,64,0,18.9,2.7,0.397,1,0.332,1.7,0.453,0.474,1.5,0.845,0.1,1.2,1.3,3.6,0.5,0.2,1.5,1.2,7.9,2.393887,2.393887,1,1,0,0
"170","Jamal Murray",21,"DEN","PG",4,75,74,32.6,6.8,0.437,2,0.367,4.8,0.476,0.502,2.5,0.848,0.9,3.4,4.2,4.8,0.9,0.4,2.1,2,18.2,3.627677,14.510706,1,1,1,1
"171","James Ennis",28,"PHI","SF",2,18,2,15.6,1.9,0.41,0.6,0.306,1.3,0.489,0.476,0.9,0.696,1.3,2.3,3.6,0.8,0.2,0.4,0.6,2.2,5.3,1.733358,3.466716,1,0,0,1
"172","James Harden",29,"HOU","SG",4,78,78,36.8,10.8,0.442,4.8,0.368,6,0.528,0.541,9.7,0.879,0.8,5.8,6.6,7.5,2,0.7,5,3.1,36.1,29.491212,117.964846,1,1,1,1
"173","James Harden",29,"HOU","SG",4,78,78,36.8,10.8,0.442,4.8,0.368,6,0.528,0.541,9.7,0.879,0.8,5.8,6.6,7.5,2,0.7,5,3.1,36.1,42.336,169.344,1,1,0,1
"174","James Johnson",31,"MIA","PF",3,55,33,21.2,3,0.433,0.9,0.336,2.1,0.496,0.499,0.9,0.714,0.4,2.8,3.2,2.5,0.6,0.5,1.3,2.1,7.8,14.4317,43.2951,0,0,0,0
"175","JaMychal Green",28,"LAC","PF",2,24,2,19.6,3.3,0.482,1.4,0.413,1.9,0.548,0.582,0.7,0.81,1.3,5.2,6.5,0.6,0.5,0.3,1,2.9,8.7,8.1,16.2,0,1,0,1
"176","Jared Dudley",33,"BRK","SF",3,59,25,20.7,1.7,0.423,0.9,0.351,0.8,0.545,0.533,0.5,0.696,0.6,2.1,2.6,1.4,0.6,0.3,0.7,2.2,4.9,10,30,1,0,0,0
"177","Jarell Martin",24,"ORL","PF",4,42,1,7.8,1,0.413,0.5,0.351,0.5,0.489,0.51,0.2,0.818,0.3,1.5,1.7,0.4,0.1,0.2,0.3,1.2,2.7,1.601151,6.404604,0,0,0,1
"178","Jarred Vanderbilt",19,"DEN","PF",3,17,0,4.1,0.5,0.474,0,0,0.5,0.5,0.474,0.4,0.6,0.4,0.9,1.4,0.2,0.4,0.1,0.5,0.5,1.4,1.306392,3.919177,0,1,0,1
"179","Jarrett Allen",20,"BRK","C",3,80,80,26.2,4.2,0.59,0.1,0.133,4.1,0.629,0.595,2.5,0.709,2.4,6,8.4,1.4,0.5,1.5,1.3,2.3,10.9,2.04156,6.12468,0,0,0,0
"180","JaVale McGee",31,"LAL","C",1,75,62,22.3,5.3,0.624,0,0.083,5.3,0.634,0.625,1.3,0.632,2.6,4.9,7.5,0.7,0.6,2,1.4,2.8,12,2.393887,2.393887,0,1,0,0
"181","Jaylen Adams",22,"ATL","PG",2,34,1,12.6,1.1,0.345,0.7,0.338,0.4,0.361,0.459,0.2,0.778,0.3,1.4,1.8,1.9,0.4,0.1,0.8,1.3,3.2,0.826853,1.653706,1,0,1,1
"182","Jaylen Brown",22,"BOS","SG",4,74,25,25.9,5,0.465,1.3,0.344,3.7,0.529,0.525,1.8,0.658,0.9,3.4,4.2,1.4,0.9,0.4,1.3,2.5,13,5.351067,21.404269,1,0,1,1
"183","Jayson Tatum",20,"BOS","SF",3,79,79,31.1,5.9,0.45,1.5,0.373,4.4,0.483,0.506,2.5,0.855,0.9,5.2,6,2.1,1.1,0.7,1.5,2.1,15.7,6.7254,20.1762,1,0,0,1
"184","Jeff Green",32,"WAS","SF",1,77,44,27.2,4.2,0.475,1.4,0.347,2.8,0.586,0.555,2.4,0.888,0.7,3.3,4,1.8,0.6,0.5,1.3,2.1,12.3,2.393887,2.393887,1,0,0,0
"185","Jeff Teague",30,"MIN","PG",3,42,41,30.1,4.2,0.423,0.8,0.333,3.4,0.453,0.465,2.9,0.804,0.4,2.1,2.5,8.2,1,0.4,2.3,2.1,12.1,19,57,1,1,1,0
"186","Jerami Grant",24,"OKC","SF",3,80,77,32.7,5.1,0.497,1.4,0.392,3.7,0.555,0.567,2,0.71,1.2,4,5.2,1,0.8,1.3,0.8,2.7,13.6,9.115384,27.346153,1,1,0,1
"187","Jeremy Lamb",26,"CHO","SG",3,79,55,28.5,5.5,0.44,1.5,0.348,4,0.487,0.499,2.9,0.888,0.8,4.7,5.5,2.2,1.1,0.4,1,1.8,15.3,7,21,1,0,0,0
"188","Jeremy Lin",30,"TOR","PG",1,23,3,18.8,2.5,0.374,0.5,0.2,2,0.47,0.41,1.5,0.81,0.3,2.3,2.6,2.2,0.4,0.3,1.1,2.1,7,0.697358,0.697358,1,0,0,1
"189","Jerian Grant",26,"ORL","PG",4,60,1,15.7,1.5,0.418,0.7,0.364,0.9,0.473,0.509,0.4,0.65,0.3,1.3,1.6,2.6,0.7,0.1,0.9,1.3,4.2,1.892139,7.568554,1,0,0,1
"190","Jerome Robinson",21,"LAC","SG",2,33,0,9.7,1.3,0.4,0.5,0.316,0.8,0.491,0.482,0.2,0.667,0.1,1.2,1.2,0.6,0.3,0.1,0.4,1.4,3.4,3.30696,6.61392,1,1,0,1
"191","Jerryd Bayless",30,"MIN","PG",3,34,6,19.3,2.4,0.357,0.9,0.296,1.6,0.402,0.42,0.5,0.571,0.3,1.5,1.8,3.5,0.5,0.1,0.9,1.6,6.1,9,27,1,1,0,0
"192","Jevon Carter",23,"MEM","PG",2,39,3,14.8,1.4,0.303,0.9,0.333,0.6,0.265,0.395,0.7,0.813,0.4,1.3,1.7,1.8,0.7,0.3,0.8,1.4,4.4,1.127658,2.255316,1,1,1,0
"193","Jimmer Fredette",29,"PHO","PG",2,6,0,10.8,1.3,0.276,0,0,1.3,0.5,0.276,1,1,0.2,1,1.2,1.3,0.5,0,0.8,0.8,3.7,0.807716,1.615432,1,1,1,0
"194","Jimmy Butler",29,"PHI","SG",5,55,55,33.2,6.3,0.461,0.9,0.338,5.3,0.491,0.494,4.8,0.868,1.9,3.4,5.3,4,1.8,0.5,1.5,1.7,18.2,18.467976,92.339878,1,0,1,1
"195","Joakim Noah",33,"MEM","C",1,42,1,16.5,2.6,0.516,0,0,2.6,0.519,0.516,1.9,0.716,1.4,4.3,5.7,2.1,0.5,0.7,1.2,2.3,7.1,1.731173,1.731173,0,1,0,0
"196","Jodie Meeks",31,"TOR","SG",1,8,0,13,2.6,0.538,1,0.444,1.6,0.619,0.641,0.1,1,0.1,1.4,1.5,1,0.1,0.1,0.3,0.6,6.4,0.196724,0.196724,1,0,0,1
"197","Joe Harris",27,"BRK","SG",2,76,76,30.2,4.9,0.5,2.4,0.474,2.5,0.528,0.622,1.4,0.827,0.7,3.1,3.8,2.4,0.5,0.2,1.6,2.4,13.7,8,16,1,0,1,0
"198","Joe Ingles",31,"UTA","SF",4,82,82,31.3,4.4,0.448,2.3,0.391,2.1,0.533,0.565,1.1,0.707,0.4,3.6,4,5.7,1.2,0.2,2.4,2.2,12.1,13,52,1,1,0,1
"199","Joel Embiid",24,"PHI","C",5,64,64,33.7,9.1,0.484,1.2,0.3,7.8,0.535,0.517,8.2,0.804,2.5,11.1,13.6,3.7,0.7,1.9,3.5,3.3,27.5,29.54201,147.71005,0,0,0,1
"200","John Collins",21,"ATL","PF",3,61,59,30,7.6,0.56,0.9,0.348,6.7,0.609,0.593,3.3,0.763,3.6,6.2,9.8,2,0.4,0.6,2,3.3,19.5,2.30752,6.92256,0,0,0,1
"201","John Henson",28,"MIL","PF",4,14,0,13.4,2.2,0.463,0.8,0.355,1.4,0.556,0.545,0.4,0.6,1.1,3.9,5.1,1,0.5,0.8,0.9,1.1,5.6,12,48,0,0,1,1
"202","John Wall",28,"WAS","PG",4,32,32,34.5,7.7,0.444,1.6,0.302,6.1,0.507,0.49,3.8,0.697,0.5,3.2,3.6,8.7,1.5,0.9,3.8,2.2,20.7,42.336,169.344,1,0,0,0
"203","John Wall",28,"WAS","PG",5,32,32,34.5,7.7,0.444,1.6,0.302,6.1,0.507,0.49,3.8,0.697,0.5,3.2,3.6,8.7,1.5,0.9,3.8,2.2,20.7,16.9579,84.7895,1,0,0,0
"204","Jon Leuer",29,"DET","PF",4,41,1,9.8,1.6,0.584,0,0.091,1.6,0.637,0.588,0.6,0.742,0.7,1.7,2.4,0.3,0.3,0.1,0.6,1.5,3.8,10.5,42,0,0,1,1
"205","Jonah Bolden",23,"PHI","SF",4,44,10,14.5,1.8,0.494,0.8,0.354,1,0.697,0.599,0.3,0.481,1.1,2.7,3.8,0.9,0.4,0.9,0.8,2.3,4.7,1.75,7,1,0,0,1
"206","Jonas Jerebko",31,"GSW","PF",1,73,6,16.7,2.2,0.459,0.9,0.367,1.3,0.563,0.556,0.9,0.8,1,3,3.9,1.3,0.4,0.2,0.6,1.9,6.3,2.17626,2.17626,0,1,0,1
"207","Jonas Valanciunas",26,"MEM","C",4,19,17,27.7,8,0.545,0.3,0.278,7.7,0.563,0.554,3.7,0.769,2.7,7.9,10.7,2.2,0.3,1.6,2.7,3.4,19.9,16,64,0,1,1,0
"208","Jonathan Isaac",21,"ORL","PF",3,75,64,26.6,3.5,0.429,1.1,0.323,2.3,0.51,0.499,1.5,0.815,1.3,4.2,5.5,1.1,0.8,1.3,1,1.9,9.6,4.98728,14.96184,0,0,1,1
"209","Jonathon Simmons",29,"PHI","SF",3,15,0,14.6,1.9,0.453,0.6,0.429,1.3,0.465,0.523,1.1,0.64,0.3,1.5,1.7,2.2,0.7,0.1,0.8,1.4,5.5,6.666667,20,1,0,1,1
"210","Jordan Bell",24,"GSW","C",2,68,3,11.6,1.5,0.516,0,0,1.5,0.521,0.516,0.4,0.61,0.8,1.9,2.7,1.1,0.3,0.8,0.6,1.2,3.3,1.096929,2.193857,0,1,0,1
"211","Jordan Clarkson",26,"CLE","PG",4,81,0,27.3,6.5,0.448,1.8,0.324,4.8,0.524,0.509,2,0.844,1,2.3,3.3,2.4,0.7,0.2,1.7,1.4,16.8,12.5,50,1,0,1,0
"212","Jose Calderon",37,"DET","PG",1,49,0,12.9,0.9,0.375,0.3,0.246,0.6,0.492,0.433,0.2,0.818,0.2,1,1.2,2.3,0.3,0.1,0.7,1.3,2.3,2.393887,2.393887,1,0,0,1
"213","Josh Hart",23,"LAL","SG",3,67,22,25.6,2.8,0.407,1.4,0.336,1.4,0.511,0.506,0.8,0.688,0.5,3.2,3.7,1.4,1,0.6,0.9,2.2,7.8,1.66128,4.98384,1,1,0,0
"214","Josh Jackson",21,"PHO","SF",2,79,29,25.2,4.4,0.413,0.9,0.324,3.5,0.445,0.456,1.8,0.671,0.8,3.6,4.4,2.3,0.9,0.7,2.2,2.6,11.5,5.56578,11.13156,1,1,0,0
"215","Josh Okogie",20,"MIN","SG",2,74,52,23.7,2.6,0.386,0.8,0.279,1.8,0.464,0.445,1.6,0.728,0.6,2.4,2.9,1.2,1.2,0.4,0.9,2.2,7.7,2.3457,4.6914,1,1,0,0
"216","Josh Richardson",25,"MIA","SF",4,73,73,34.8,5.8,0.412,2.2,0.357,3.5,0.458,0.492,2.7,0.861,0.7,2.9,3.6,4.1,1.1,0.5,1.5,2.7,16.6,10.491264,41.965056,1,0,0,0
"217","Jrue Holiday",28,"NOP","PG",5,67,67,35.9,8.2,0.472,1.8,0.325,6.4,0.539,0.523,3.1,0.768,1.1,3.9,5,7.7,1.6,0.8,3.1,2.2,21.2,26.361,131.805,1,1,0,0
"218","Juan Hernangomez",23,"DEN","PF",4,70,25,19.4,2,0.439,0.9,0.365,1,0.541,0.545,0.9,0.767,0.9,2.9,3.8,0.8,0.4,0.3,0.5,1.3,5.8,2.387918,9.55167,0,1,1,1
"219","Julius Randle",24,"NOP","PF",2,73,49,30.6,7.8,0.524,0.9,0.344,6.9,0.564,0.555,4.9,0.731,2.2,6.5,8.7,3.1,0.7,0.6,2.8,3.4,21.4,8.857025,17.71405,0,1,1,0
"220","Justin Anderson",25,"ATL","SG",4,48,4,9.6,1.3,0.408,0.5,0.312,0.8,0.5,0.484,0.5,0.743,0.5,1.3,1.8,0.5,0.5,0.3,0.5,1,3.7,1.764662,7.058648,1,0,0,1
"221","Justin Holiday",29,"MEM","SG",2,44,39,29.1,3.4,0.389,1.5,0.333,1.9,0.447,0.474,1.2,0.9,0.6,2.9,3.5,1.4,1.2,0.3,1.3,1.9,9.5,4.5,9,1,1,0,0
"222","Justin Jackson",23,"DAL","SF",3,29,11,18.3,3.2,0.484,1.1,0.372,2.1,0.577,0.568,0.7,0.724,0.7,1.6,2.3,1,0.3,0,0.2,1.1,8.2,2.81812,8.45436,1,1,0,0
"223","Justise Winslow",22,"MIA","SF",4,66,52,29.7,4.9,0.433,1.5,0.375,3.5,0.462,0.497,1.3,0.628,1,4.4,5.4,4.3,1.1,0.3,2.2,2.7,12.6,2.807282,11.229126,1,0,0,0
"224","Justise Winslow",22,"MIA","SF",2,66,52,29.7,4.9,0.433,1.5,0.375,3.5,0.462,0.497,1.3,0.628,1,4.4,5.4,4.3,1.1,0.3,2.2,2.7,12.6,13,26,1,0,0,0
"225","Jusuf Nurkic",24,"POR","C",4,72,72,27.4,5.8,0.508,0,0.103,5.8,0.523,0.51,3.9,0.773,3.4,7,10.4,3.2,1,1.4,2.3,3.5,15.6,12,48,0,1,0,1
"226","Karl-Anthony Towns",23,"MIN","C",4,77,77,33.1,8.8,0.518,1.8,0.4,7,0.562,0.572,4.9,0.836,3.4,9,12.4,3.4,0.9,1.6,3.1,3.8,24.4,6.430009,25.720035,0,1,0,0
"227","Karl-Anthony Towns",23,"MIN","C",5,77,77,33.1,8.8,0.518,1.8,0.4,7,0.562,0.572,4.9,0.836,3.4,9,12.4,3.4,0.9,1.6,3.1,3.8,24.4,31.61,158.05,0,1,0,0
"228","Kawhi Leonard",27,"TOR","SF",5,60,60,34,9.3,0.496,1.9,0.371,7.5,0.542,0.546,6.1,0.854,1.3,6,7.3,3.3,1.8,0.4,2,1.5,26.6,18.868625,94.343126,1,0,1,1
"229","Keita Bates-Diop",23,"MIN","SF",2,30,3,16.8,2,0.423,0.4,0.25,1.6,0.522,0.468,0.6,0.643,0.5,2.2,2.8,0.6,0.6,0.5,0.5,1,5,1.127658,2.255316,1,1,0,0
"230","Kelly Olynyk",27,"MIA","C",4,79,36,22.9,3.3,0.463,1.4,0.354,1.9,0.604,0.563,1.9,0.822,0.9,3.8,4.7,1.8,0.7,0.5,1.4,2.3,10,12.5,50,0,0,0,0
"231","Kemba Walker",28,"CHO","PG",4,82,82,34.9,8.9,0.434,3.2,0.356,5.7,0.494,0.511,4.6,0.844,0.6,3.8,4.4,5.9,1.2,0.4,2.6,1.6,25.6,12,48,1,0,0,0
"232","Kenneth Faried",29,"HOU","PF",1,25,13,24.4,5.2,0.587,0.3,0.35,5,0.611,0.603,2.2,0.651,3.3,5,8.2,0.7,0.6,0.8,1.1,3,12.9,0.917272,0.917272,0,1,0,1
"233","Kenrich Williams",24,"NOP","SF",2,46,29,23.5,2.3,0.384,1.1,0.333,1.2,0.447,0.477,0.3,0.684,1.2,3.6,4.8,1.8,1,0.4,0.8,2.1,6.1,1.141153,2.282306,1,1,1,0
"234","Kent Bazemore",29,"ATL","SG",4,67,35,24.5,4.1,0.402,1.4,0.32,2.7,0.465,0.472,1.9,0.726,0.6,3.3,3.9,2.3,1.3,0.6,1.8,2.5,11.6,17.5,70,1,0,1,1
"235","Kentavious Caldwell-Pope",25,"LAL","SG",1,82,23,24.8,4,0.43,1.8,0.347,2.1,0.542,0.53,1.7,0.867,0.6,2.3,2.9,1.3,0.9,0.2,0.8,1.7,11.4,12,12,1,1,0,0
"236","Kevin Durant",30,"GSW","SF",2,78,78,34.6,9.2,0.521,1.8,0.353,7.5,0.587,0.571,5.7,0.885,0.4,5.9,6.4,5.9,0.7,1.1,2.9,2,26,30.75,61.5,1,1,1,1
"237","Kevin Huerter",20,"ATL","SG",2,75,59,27.3,3.7,0.419,1.8,0.385,1.9,0.457,0.522,0.5,0.732,0.8,2.5,3.3,2.9,0.9,0.3,1.5,2.1,9.7,2.307246,4.614492,1,0,0,1
"238","Kevin Knox",19,"NYK","SF",2,75,57,28.8,4.5,0.37,1.7,0.343,2.8,0.387,0.438,2.2,0.717,0.8,3.7,4.5,1.1,0.6,0.3,1.5,2.3,12.8,4.06002,8.12004,1,0,0,0
"239","Kevin Love",30,"CLE","C",4,22,21,27.2,5,0.385,2.4,0.361,2.5,0.412,0.479,4.7,0.904,1.5,9.4,10.9,2.2,0.3,0.2,1.9,2.5,17,30.100543,120.402172,0,0,0,0
"240","Kevin Love",30,"CLE","C",5,22,21,27.2,5,0.385,2.4,0.361,2.5,0.412,0.479,4.7,0.904,1.5,9.4,10.9,2.2,0.3,0.2,1.9,2.5,17,22.64235,113.21175,0,0,0,0
"241","Kevon Looney",22,"GSW","SF",1,80,24,18.5,2.7,0.625,0,0.1,2.7,0.641,0.627,0.8,0.619,2.4,2.8,5.2,1.5,0.6,0.7,0.6,2.6,6.3,1.567007,1.567007,1,1,0,1
"242","Khem Birch",26,"ORL","C",2,50,1,12.9,1.8,0.603,0,0,1.8,0.607,0.603,1.2,0.699,1.6,2.2,3.8,0.8,0.4,0.6,0.4,1.4,4.8,1.096929,2.193857,0,0,0,1
"243","Khris Middleton",27,"MIL","SF",5,77,77,31.1,6.6,0.441,2.3,0.378,4.2,0.485,0.519,2.8,0.837,0.6,5.3,6,4.3,1,0.1,2.3,2.2,18.3,14,70,1,0,1,1
"244","Khyri Thomas",22,"DET","SG",3,26,0,7.5,0.8,0.319,0.4,0.286,0.5,0.353,0.391,0.3,0.636,0.2,0.6,0.8,0.3,0.3,0.2,0.2,0.8,2.3,1.306392,3.919177,1,0,0,1
"245","Klay Thompson",28,"GSW","SG",4,78,78,34,8.4,0.467,3.1,0.402,5.3,0.516,0.553,1.7,0.816,0.5,3.4,3.8,2.4,1.1,0.6,1.5,2,21.5,17.244863,68.97945,1,1,0,1
"246","Kosta Koufos",29,"SAC","C",4,42,1,12,1.7,0.477,0,NA,1.7,0.477,0.477,0.2,0.417,1.2,3,4.2,0.9,0.4,0.4,0.6,1.6,3.7,8.21975,32.879,0,1,0,0
"247","Kris Dunn",24,"CHI","PG",3,46,44,30.2,4.7,0.425,0.7,0.354,3.9,0.441,0.458,1.2,0.797,0.4,3.7,4.1,6,1.5,0.5,2.3,3.6,11.3,4.04676,12.14028,1,0,1,0
"248","Kyle Anderson",25,"MEM","SF",4,43,40,29.8,3.5,0.543,0.2,0.265,3.3,0.583,0.56,0.9,0.578,1.1,4.7,5.8,3,1.3,0.9,1.3,2.6,8,9.289075,37.1563,1,1,0,0
"249","Kyle Korver",37,"UTA","SG",3,54,0,20.1,3.1,0.408,2.1,0.384,1,0.469,0.547,0.9,0.825,0.2,2.3,2.5,1.2,0.4,0.2,0.8,1.6,9.1,7.353333,22.06,1,1,1,1
"250","Kyle Kuzma",23,"LAL","PF",3,70,68,33.1,7.1,0.456,1.8,0.303,5.3,0.553,0.515,2.7,0.752,0.9,4.6,5.5,2.5,0.6,0.4,1.9,2.4,18.7,1.696,5.088,0,1,0,0
"251","Kyle Lowry",32,"TOR","PG",3,65,65,34,4.7,0.411,2.4,0.347,2.3,0.514,0.518,2.5,0.83,0.6,4.2,4.8,8.7,1.4,0.5,2.8,2.6,14.2,33.333333,100,1,0,1,1
"252","Kyle O'Quinn",28,"IND","C",1,45,3,8.2,1.5,0.507,0,0.083,1.5,0.548,0.511,0.4,0.81,0.6,2,2.6,1.2,0.2,0.6,0.7,1.5,3.5,4.449,4.449,0,0,0,1
"253","Kyrie Irving",26,"BOS","PG",5,67,67,33,9,0.487,2.6,0.401,6.4,0.533,0.557,3.2,0.873,1.1,3.9,5,6.9,1.5,0.5,2.6,2.5,23.8,18.868625,94.343126,1,0,1,1
"254","LaMarcus Aldridge",33,"SAS","PF",4,81,81,33.2,8.4,0.519,0.1,0.238,8.3,0.528,0.522,4.3,0.847,3.1,6.1,9.2,2.4,0.5,1.3,1.8,2.2,21.3,21.018008,84.07203,0,1,0,1
"255","LaMarcus Aldridge",33,"SAS","PF",2,81,81,33.2,8.4,0.519,0.1,0.238,8.3,0.528,0.522,4.3,0.847,3.1,6.1,9.2,2.4,0.5,1.3,1.8,2.2,21.3,25,50,0,1,0,1
"256","Lance Stephenson",28,"LAL","SG",1,68,3,16.5,2.7,0.426,1.1,0.371,1.6,0.472,0.51,0.7,0.685,0.5,2.7,3.2,2.1,0.6,0.1,1.3,1.6,7.2,4.449,4.449,1,1,0,0
"257","Lance Thomas",30,"NYK","SF",4,46,17,17,1.7,0.396,0.5,0.278,1.2,0.475,0.452,0.6,0.75,0.5,2.1,2.5,0.6,0.4,0.2,0.5,1.8,4.5,6.887488,27.54995,1,0,1,0
"258","Landry Shamet",21,"LAC","PG",2,25,23,27.8,3.5,0.414,2.7,0.45,0.8,0.322,0.576,1.2,0.795,0.3,2,2.2,2.3,0.5,0.1,0.8,2,10.9,1.84938,3.69876,1,1,0,1
"259","Langston Galloway",27,"DET","SG",3,80,4,21.8,2.9,0.388,1.7,0.355,1.2,0.449,0.503,1,0.844,0.6,1.5,2.1,1.1,0.5,0.1,0.3,1.7,8.4,7,21,1,0,1,1
"260","Lauri Markkanen",21,"CHI","PF",2,52,51,32.3,6.6,0.43,2.3,0.361,4.3,0.479,0.506,3.3,0.872,1.4,7.6,9,1.4,0.7,0.6,1.6,2.3,18.7,4.17888,8.35776,0,0,0,0
"261","LeBron James",34,"LAL","SF",4,55,55,35.2,10.1,0.51,2,0.339,8.1,0.582,0.56,5.1,0.665,1,7.4,8.5,8.3,1.3,0.6,3.6,1.7,27.4,38.328212,153.312846,1,1,0,0
"262","Lonzo Ball",21,"LAL","PG",3,47,45,30.3,3.9,0.406,1.6,0.329,2.3,0.482,0.488,0.4,0.417,1.1,4.2,5.3,5.4,1.5,0.4,2.2,2.4,9.9,7.48928,22.46784,1,1,0,0
"263","Luka Doncic",19,"DAL","PG",2,72,72,32.2,7,0.427,2.3,0.327,4.7,0.503,0.497,4.8,0.713,1.2,6.6,7.8,6,1.1,0.3,3.4,1.9,21.2,7.122,14.244,1,1,0,0
"264","Luke Kennard",22,"DET","SG",3,63,10,22.8,3.6,0.438,1.7,0.394,1.9,0.486,0.54,0.8,0.836,0.2,2.7,2.9,1.8,0.4,0.2,0.9,1.5,9.7,3.28724,9.86172,1,0,0,1
"265","Luke Kornet",23,"NYK","PF",1,46,18,17,2.3,0.378,1.5,0.363,0.8,0.411,0.502,0.8,0.826,0.6,2.3,2.9,1.2,0.6,0.9,0.5,0.9,7,1.61926,1.61926,0,0,0,0
"266","Luol Deng",33,"MIN","SF",1,22,2,17.8,2.7,0.5,0.6,0.318,2,0.608,0.559,1.1,0.714,0.9,2.4,3.3,0.8,0.7,0.4,0.6,1.1,7.1,2.393887,2.393887,1,1,0,0
"267","Malcolm Brogdon",26,"MIL","PG",3,64,64,28.6,5.9,0.505,1.6,0.426,4.3,0.544,0.575,2.2,0.928,1,3.5,4.5,3.2,0.7,0.2,1.4,1.6,15.6,1.260854,3.782562,1,0,0,1
"268","Malcolm Miller",25,"TOR","SF",2,10,0,6.7,1.1,0.423,1,0.476,0.1,0.2,0.615,0.3,0.75,0.1,0.4,0.5,0.1,0.1,0.1,0.1,0.5,3.5,1.022825,2.045649,1,0,1,1
"269","Malik Beasley",22,"DEN","SG",4,81,18,23.2,4.3,0.474,2,0.402,2.3,0.56,0.584,0.7,0.848,0.4,2,2.5,1.2,0.7,0.1,0.7,1.4,11.3,1.958379,7.833514,1,1,1,1
"270","Malik Monk",20,"CHO","SG",3,73,0,17.2,3.1,0.387,1.5,0.33,1.6,0.461,0.48,1.2,0.882,0.2,1.7,1.9,1.6,0.5,0.3,1.2,1.5,8.9,3.46012,10.38036,1,0,0,0
"271","Marc Gasol",34,"TOR","C",5,26,19,24.9,3.3,0.465,0.9,0.442,2.5,0.474,0.527,1.5,0.769,0.9,5.7,6.6,3.9,0.9,0.9,1.4,2.7,9.1,22.64235,113.21175,0,0,1,1
"272","Marco Belinelli",32,"SAS","SG",2,79,1,23,3.6,0.413,1.9,0.372,1.7,0.468,0.52,1.4,0.903,0.2,2.3,2.5,1.7,0.4,0.1,0.9,1.5,10.5,6,12,1,1,1,1
"273","Marcus Morris",29,"BOS","PF",4,75,53,27.9,5,0.447,1.9,0.375,3.1,0.508,0.533,1.9,0.844,1,5.1,6.1,1.5,0.6,0.3,1.2,2.4,13.9,5,20,0,0,0,1
"274","Marcus Smart",24,"BOS","PG",4,80,60,27.5,3,0.422,1.6,0.364,1.4,0.511,0.533,1.3,0.806,0.7,2.2,2.9,4,1.8,0.4,1.5,2.5,8.9,12.999975,51.9999,1,0,0,1
"275","Mario Hezonja",23,"NYK","SG",1,58,24,20.8,3.3,0.412,0.7,0.276,2.6,0.478,0.457,1.5,0.763,0.5,3.6,4.1,1.5,1,0.1,1.5,1.9,8.8,6.5,6.5,1,0,0,0
"276","Markelle Fultz",20,"PHI","PG",3,19,15,22.5,3.4,0.419,0.2,0.286,3.2,0.433,0.432,1.1,0.568,1.4,2.3,3.7,3.1,0.9,0.3,1.3,2.7,8.2,8.37044,25.11132,1,0,0,1
"277","Markieff Morris",29,"OKC","PF",1,24,1,16.1,2.5,0.391,0.8,0.339,1.7,0.423,0.455,0.6,0.737,0.8,3,3.8,0.8,0.5,0.1,0.3,2.4,6.5,0.573295,0.573295,0,1,0,1
"278","Marquese Chriss",21,"CLE","PF",3,27,2,14.6,2.1,0.384,0.6,0.263,1.5,0.461,0.435,1,0.684,1.2,3,4.2,0.6,0.6,0.3,0.9,2.4,5.7,3.0738,9.2214,0,0,0,0
"279","Marvin Williams",32,"CHO","PF",4,75,75,28.4,3.7,0.422,1.9,0.366,1.8,0.5,0.529,0.9,0.767,1,4.4,5.4,1.2,0.9,0.8,0.6,2.1,10.1,13.628125,54.5125,0,0,1,0
"280","Mason Plumlee",28,"DEN","C",3,82,17,21.1,3.2,0.593,0,0.2,3.2,0.602,0.595,1.4,0.561,2,4.4,6.4,3,0.8,0.9,1.5,3.1,7.8,13.666667,41,0,1,1,1
"281","Matthew Dellavedova",28,"CLE","PG",4,36,0,19.9,2.6,0.413,1.1,0.336,1.4,0.5,0.502,1.1,0.792,0.2,1.7,1.9,4.2,0.3,0.1,1.6,1.8,7.3,9.6075,38.43,1,0,1,0
"282","Maurice Harkless",25,"POR","SF",4,60,53,23.6,3.2,0.487,0.6,0.275,2.6,0.582,0.53,0.8,0.671,1.3,3.2,4.5,1.2,1.1,0.9,0.8,2.7,7.7,10.5,42,1,1,1,1
"283","Maxi Kleber",27,"DAL","PF",2,71,18,21.2,2.5,0.453,1.1,0.353,1.4,0.583,0.553,0.8,0.784,1.3,3.4,4.6,1,0.5,1.1,0.8,2,6.8,1.096929,2.193857,0,1,0,0
"284","Melvin Frazier",22,"ORL","SF",2,10,0,4.4,0.7,0.333,0,0,0.7,0.467,0.333,0.1,0.25,0.3,0.2,0.5,0.1,0.1,0,0.1,0.6,1.5,1.233426,2.466852,1,0,0,1
"285","Meyers Leonard",26,"POR","C",4,61,2,14.4,2.2,0.545,0.8,0.45,1.3,0.626,0.649,0.7,0.843,0.8,3,3.8,1.2,0.2,0.1,0.7,1.7,5.9,10.25,41,0,1,1,1
"286","Michael Kidd-Gilchrist",25,"CHO","SF",4,64,3,18.4,2.5,0.476,0.3,0.34,2.2,0.498,0.5,1.5,0.772,1.4,2.5,3.8,1,0.5,0.6,0.7,2.4,6.7,13,52,1,0,1,0
"287","Mikal Bridges",22,"PHO","SF",2,82,56,29.5,3,0.43,1.3,0.335,1.7,0.548,0.523,1.2,0.805,0.7,2.5,3.2,2.1,1.6,0.5,0.9,2.5,8.3,3.85698,7.71396,1,1,0,0
"288","Mike Conley",31,"MEM","PG",5,70,70,33.5,7,0.438,2.2,0.364,4.8,0.483,0.507,4.9,0.845,0.6,2.8,3.4,6.4,1.3,0.3,1.9,1.8,21.1,30.521115,152.605576,1,1,0,0
"289","Mike Muscala",27,"LAL","PF",2,17,4,15.6,2.1,0.434,1.2,0.368,0.9,0.577,0.56,0.4,0.875,0.4,2.2,2.6,0.8,0.2,0.6,0.3,1.1,5.9,5,10,0,1,0,0
"290","Mike Scott",30,"PHI","PF",1,27,3,24,2.8,0.4,1.8,0.412,1,0.38,0.529,0.4,0.667,0.7,3.1,3.8,0.8,0.3,0.2,0.6,2.5,7.8,4.3205,4.3205,0,0,0,1
"291","Miles Bridges",20,"CHO","SF",2,80,25,21.2,3,0.464,0.8,0.325,2.2,0.553,0.527,0.7,0.753,0.8,3.2,4,1.2,0.7,0.6,0.6,1.4,7.5,3.48102,6.96204,1,0,0,0
"292","Miles Plumlee",30,"ATL","C",4,18,0,9.6,1.8,0.667,0,NA,1.8,0.667,0.667,0.9,0.533,0.9,1.3,2.2,0.9,0.3,0.2,0.6,0.8,4.4,12.5,50,0,0,1,1
"293","Mitchell Robinson",20,"NYK","C",3,66,19,20.6,3.1,0.694,0,NA,3.1,0.694,0.694,1.2,0.6,2.7,3.7,6.4,0.6,0.8,2.4,0.5,3.3,7.3,1.569671,4.709013,0,0,0,0
"294","Mohamed Bamba",20,"ORL","C",2,47,1,16.3,2.5,0.481,0.4,0.3,2,0.555,0.525,0.8,0.587,1.4,3.6,5,0.8,0.3,1.4,0.9,2.2,6.2,5.28132,10.56264,0,0,0,1
"295","Monte Morris",23,"DEN","PG",3,82,6,24,4.2,0.493,1.1,0.414,3.1,0.531,0.56,0.8,0.802,0.4,1.9,2.4,3.6,0.9,0,0.6,1.2,10.4,1.553774,4.661321,1,1,0,1
"296","Montrezl Harrell",25,"LAC","PF",2,82,5,26.3,6.7,0.615,0,0.176,6.6,0.623,0.617,3.2,0.643,2.2,4.3,6.5,2,0.9,1.3,1.6,3.1,16.6,6,12,0,1,1,1
"297","Moritz Wagner",21,"LAL","PF",2,43,5,10.4,1.7,0.415,0.5,0.286,1.1,0.521,0.48,1,0.811,0.4,1.6,2,0.6,0.3,0.3,0.9,1.3,4.8,1.9128,3.8256,0,1,0,0
"298","Myles Turner",22,"IND","C",4,74,74,28.6,5.1,0.487,1,0.388,4.1,0.521,0.536,2,0.736,1.4,5.8,7.2,1.6,0.8,2.7,1.4,2.6,13.3,20,80,0,0,0,1
"299","Myles Turner",22,"IND","C",4,74,74,28.6,5.1,0.487,1,0.388,4.1,0.521,0.536,2,0.736,1.4,5.8,7.2,1.6,0.8,2.7,1.4,2.6,13.3,2.700451,10.801804,0,0,0,1
"300","Nemanja Bjelica",30,"SAC","PF",3,77,70,23.2,3.7,0.479,1.3,0.401,2.4,0.539,0.566,0.9,0.761,1.6,4.1,5.8,1.9,0.7,0.7,1.1,2.6,9.6,6.825,20.475,0,1,0,0
"301","Nene Hilario",36,"HOU","C",3,42,2,13,1.4,0.517,0,0,1.4,0.531,0.517,0.7,0.66,0.8,2.1,2.9,0.6,0.4,0.4,0.3,2.1,3.6,3.65148,10.95444,0,1,1,1
"302","Nerlens Noel",24,"OKC","C",2,77,2,13.7,2.1,0.587,0,NA,2.1,0.587,0.587,0.7,0.684,1.6,2.6,4.2,0.6,0.9,1.2,0.6,2.2,4.9,1.872774,3.745548,0,1,1,1
"303","Nicolas Batum",30,"CHO","SG",5,75,72,31.4,3.4,0.45,1.5,0.389,1.8,0.519,0.553,1,0.865,0.9,4.3,5.2,3.3,0.9,0.6,1.6,1.9,9.3,24,120,1,0,0,0
"304","Nik Stauskas",25,"CLE","SG",1,24,0,14.3,1.7,0.367,1.1,0.429,0.5,0.283,0.491,1,0.893,0.3,1.6,2,0.8,0.3,0.1,0.5,0.8,5.5,0.540472,0.540472,1,0,0,0
"305","Nikola Jokic",23,"DEN","C",5,80,80,31.3,7.7,0.511,1,0.307,6.7,0.569,0.545,3.6,0.821,2.9,8,10.8,7.3,1.4,0.7,3.1,2.9,20.1,29.54201,147.71005,0,1,0,1
"306","Nikola Mirotic",27,"MIL","PF",2,14,3,22.9,4,0.415,2.2,0.356,1.8,0.521,0.53,1.4,0.87,1,4.4,5.4,1.4,0.7,0.6,0.8,1.5,11.6,7.5,15,0,0,0,1
"307","Nikola Vucevic",28,"ORL","C",4,80,80,31.4,8.8,0.518,1.1,0.364,7.7,0.549,0.549,2.2,0.789,2.8,9.2,12,3.8,1,1.1,2,2,20.8,13.25,53,0,0,0,1
"308","Noah Vonleh",23,"NYK","PF",1,68,57,25.3,3,0.47,0.7,0.336,2.4,0.531,0.523,1.6,0.712,1.7,6.1,7.8,1.9,0.7,0.8,1.3,2.6,8.4,1.621415,1.621415,0,0,0,0
"309","Norman Powell",25,"TOR","SG",4,60,3,18.8,3.2,0.483,1.1,0.4,2.1,0.543,0.568,1,0.827,0.3,2.1,2.3,1.5,0.7,0.2,1.1,1.6,8.6,10.491264,41.965056,1,0,0,1
"310","OG Anunoby",21,"TOR","SF",3,67,6,20.2,2.7,0.453,1,0.332,1.7,0.574,0.536,0.5,0.581,0.9,2.1,2.9,0.7,0.7,0.3,0.8,2.1,7,1.95992,5.87976,1,0,0,1
"311","Omari Spellman",21,"ATL","PF",2,46,11,17.5,2.1,0.402,1,0.344,1.2,0.466,0.492,0.7,0.711,1.6,2.7,4.2,1,0.6,0.5,0.7,1.5,5.9,1.75914,3.51828,0,0,0,1
"312","P.J. Tucker",33,"HOU","SF",4,82,82,34.2,2.5,0.396,1.8,0.377,0.7,0.449,0.535,0.5,0.695,1.5,4.4,5.8,1.2,1.6,0.5,0.8,3.1,7.3,7.969537,31.878148,1,1,0,1
"313","Pascal Siakam",24,"TOR","PF",4,80,79,31.9,6.5,0.549,1,0.369,5.5,0.602,0.591,3,0.785,1.6,5.3,6.9,3.1,0.9,0.7,1.9,3,16.9,1.60136,6.405441,0,0,1,1
"314","Pat Connaughton",26,"MIL","SG",2,61,2,20.7,2.7,0.466,1.1,0.33,1.6,0.647,0.56,0.5,0.725,1,3.2,4.2,2,0.5,0.4,0.5,1.3,6.9,1.682025,3.36405,1,0,1,1
"315","Patrick Beverley",30,"LAC","PG",4,78,49,27.4,2.5,0.407,1.4,0.397,1.1,0.421,0.524,1.2,0.78,1,4,5,3.8,0.9,0.6,1.1,3.4,7.6,5.756757,23.027026,1,1,0,1
"316","Patrick McCaw",23,"TOR","SG",1,26,1,13.2,0.9,0.444,0.3,0.333,0.6,0.533,0.519,0.5,0.867,0.3,1.5,1.7,1,0.8,0.1,0.5,1.4,2.7,0.786211,0.786211,1,0,0,1
"317","Patrick Patterson",29,"OKC","PF",3,63,5,13.7,1.3,0.374,0.7,0.336,0.6,0.439,0.479,0.3,0.633,0.7,1.7,2.3,0.5,0.3,0.2,0.3,0.7,3.6,5.4516,16.3548,0,1,1,1
"318","Pau Gasol",38,"MIL","C",1,3,0,10,0.3,0.167,0.3,0.333,0,0,0.25,0.3,0.5,0,3.3,3.3,0.7,0,0.3,0.7,0.3,1.3,0.527467,0.527467,0,0,0,1
"319","Paul George",28,"OKC","SF",4,77,77,36.9,9.2,0.438,3.8,0.386,5.4,0.484,0.529,5.9,0.839,1.4,6.8,8.2,4.1,2.2,0.4,2.7,2.8,28,34.227984,136.911936,1,1,0,1
"320","Paul Millsap",33,"DEN","PF",2,70,65,27.1,4.6,0.484,0.8,0.365,3.8,0.522,0.528,2.6,0.727,2.2,5,7.2,2,1.2,0.8,1.4,2.6,12.6,30.5,61,0,1,1,1
"321","Quincy Pondexter",30,"SAS","SG",1,53,0,5.5,0.5,0.5,0.1,0.333,0.4,0.575,0.552,0.6,0.81,0.2,0.7,0.9,0.5,0.2,0,0.2,0.5,1.8,2.165481,2.165481,1,1,0,1
"322","Quinn Cook",25,"GSW","PG",2,74,10,14.3,2.8,0.465,1.1,0.405,1.7,0.515,0.557,0.3,0.769,0.3,1.8,2.1,1.6,0.3,0,0.7,1.2,6.9,0.779892,1.559783,1,1,0,1
"323","Rajon Rondo",32,"LAL","PG",1,46,29,29.8,3.8,0.405,1.1,0.359,2.7,0.428,0.464,0.5,0.639,0.7,4.5,5.3,8,1.2,0.2,2.8,2.2,9.2,9,9,1,1,0,0
"324","Raul Neto",26,"UTA","PG",2,37,1,12.8,2,0.46,0.5,0.333,1.5,0.535,0.522,0.8,0.848,0.2,1.5,1.7,2.5,0.4,0.1,0.9,1.3,5.3,2.2,4.4,1,1,1,1
"325","Ray Spalding",21,"PHO","PF",2,13,3,11.3,1.9,0.532,0,0,1.9,0.568,0.532,0.3,0.333,1.2,2.5,3.7,0.4,0.7,0.6,0.7,1.8,4.2,0.800799,1.601598,0,1,1,0
"326","Raymond Felton",34,"OKC","PG",1,33,0,11.5,1.7,0.407,0.6,0.328,1.1,0.473,0.481,0.4,0.923,0.1,0.9,1,1.6,0.3,0.2,0.4,0.9,4.3,2.393887,2.393887,1,1,0,1
"327","Reggie Bullock",27,"LAL","SG",2,19,16,27.6,3.3,0.412,1.8,0.343,1.5,0.537,0.523,0.9,0.81,0.1,2.5,2.6,1.1,0.8,0.4,0.6,1.6,9.3,2.5,5,1,1,0,0
"328","Reggie Jackson",28,"DET","PG",5,82,82,27.9,5.4,0.421,2.1,0.369,3.3,0.464,0.504,2.5,0.864,0.5,2.1,2.6,4.2,0.7,0.1,1.8,2.5,15.4,16,80,1,0,1,1
"329","Richaun Holmes",25,"PHO","PF",4,70,4,16.9,3.2,0.608,0,NA,3.2,0.608,0.608,1.8,0.731,1.6,3.1,4.7,0.9,0.6,1.1,0.7,2.8,8.2,1.292976,5.171902,0,1,0,0
"330","Ricky Rubio",28,"UTA","PG",4,68,67,27.9,4.3,0.404,1.2,0.311,3.2,0.454,0.458,2.9,0.855,0.5,3.1,3.6,6.1,1.3,0.1,2.6,2.6,12.7,13.75,55,1,1,0,1
"331","Robert Covington",28,"MIN","SF",4,22,22,34.7,4.8,0.433,2.5,0.372,2.3,0.526,0.545,2.3,0.773,1,4.8,5.7,1.5,2.3,1.1,1.1,3.7,14.5,11.719782,46.879127,1,1,0,0
"332","Robert Williams",21,"BOS","C",2,32,2,8.8,1.1,0.706,0,NA,1.1,0.706,0.706,0.3,0.6,0.8,1.7,2.5,0.2,0.3,1.3,0.3,1.1,2.5,1.79598,3.59196,0,0,0,1
"333","Robin Lopez",30,"CHI","C",4,74,36,21.7,4.1,0.568,0.1,0.226,4,0.589,0.575,1.2,0.724,1.9,2,3.9,1.2,0.1,1.1,1.3,1.7,9.5,13.503875,54.0155,0,0,0,0
"334","Rodions Kurucs",20,"BRK","SF",3,63,46,20.5,3.2,0.45,0.9,0.315,2.3,0.543,0.514,1.1,0.783,0.9,3,3.9,0.8,0.7,0.4,1.2,2.3,8.5,1.699236,5.097708,1,0,0,0
"335","Rodney Hood",26,"POR","SG",1,27,4,24.4,3.6,0.452,1.1,0.345,2.6,0.519,0.518,1.2,0.805,0.3,1.4,1.7,1.3,0.8,0.3,0.7,1.7,9.6,3.472887,3.472887,1,1,0,1
"336","Rodney McGruder",27,"MIA","SG",3,66,45,23.5,2.8,0.403,1.2,0.351,1.6,0.453,0.489,0.8,0.722,0.9,2.7,3.6,1.7,0.5,0.2,1,1.7,7.6,1.133678,3.401033,1,0,0,0
"337","Rondae Hollis-Jefferson",24,"BRK","SF",4,59,21,20.9,3.4,0.411,0.2,0.184,3.2,0.436,0.42,2,0.645,1.4,3.8,5.3,1.6,0.7,0.5,1.2,1.8,8.9,1.668205,6.672819,1,0,0,0
"338","Royce O'Neale",25,"UTA","SF",3,82,16,20.4,2,0.475,0.8,0.386,1.2,0.569,0.574,0.4,0.762,0.3,3.2,3.5,1.5,0.7,0.3,0.9,2.1,5.2,1.270792,3.812377,1,1,1,1
"339","Rudy Gay",32,"SAS","SF",1,69,51,26.7,5.4,0.504,1.1,0.402,4.4,0.537,0.554,1.7,0.816,0.9,5.9,6.8,2.6,0.8,0.5,1.7,2.3,13.7,10.0872,10.0872,1,1,0,1
"340","Rudy Gobert",26,"UTA","C",4,81,80,31.8,5.9,0.669,0,NA,5.9,0.669,0.669,4.1,0.636,3.8,9,12.9,2,0.8,2.3,1.6,2.9,15.9,25.5,102,0,1,0,1
"341","Russell Westbrook",30,"OKC","PG",5,73,73,36,8.6,0.428,1.6,0.29,7,0.481,0.468,4.1,0.656,1.5,9.6,11.1,10.7,1.9,0.5,4.5,3.4,22.9,41.358814,206.79407,1,1,0,1
"342","Ryan Anderson",30,"MIA","PF",4,10,0,4.4,0.2,0.222,0.2,0.333,0,0,0.333,0.1,0.5,0.4,0.5,0.9,0.2,0.1,0,0.2,0.2,0.7,20,80,0,0,1,0
"343","Ryan Arcidiacono",24,"CHI","PG",1,81,32,24.2,2.3,0.447,1,0.373,1.3,0.527,0.544,1.1,0.873,0.3,2.4,2.7,3.3,0.8,0,0.8,2.1,6.7,1.349383,1.349383,1,0,0,0
"344","Ryan Broekhoff",28,"DAL","SF",2,42,0,10.8,1.4,0.452,0.9,0.409,0.5,0.576,0.603,0.4,0.789,0.2,1.3,1.5,0.5,0.1,0.1,0.4,0.8,4,1.127658,2.255316,1,1,1,0
"345","Salah Mejri",32,"DAL","C",1,36,4,11.1,1.5,0.491,0.3,0.324,1.2,0.564,0.54,0.6,0.625,1,2.6,3.6,1,0.3,0.7,0.6,1.5,3.9,0.531189,0.531189,0,1,0,0
"346","Sam Dekker",24,"WAS","SF",4,38,0,16.3,2.6,0.471,0.4,0.286,2.2,0.528,0.505,0.5,0.556,1.2,1.9,3,1,0.7,0.2,0.5,0.9,6.1,1.980414,7.921655,1,0,0,0
"347","Semi Ojeleye",24,"BOS","PF",4,56,3,10.6,1.2,0.424,0.5,0.315,0.7,0.565,0.513,0.4,0.615,0.4,1.1,1.5,0.4,0.2,0.1,0.3,0.8,3.3,1.510401,6.041604,0,0,0,1
"348","Serge Ibaka",29,"TOR","PF",3,74,51,27.2,6.3,0.529,0.7,0.29,5.6,0.586,0.557,1.8,0.763,2.1,6,8.1,1.3,0.4,1.4,1.5,2.9,15,21.666667,65,0,0,1,1
"349","Seth Curry",28,"POR","SG",1,74,2,18.9,2.9,0.456,1.5,0.45,1.3,0.463,0.577,0.6,0.846,0.4,1.3,1.6,0.9,0.5,0.2,0.8,1.3,7.9,2.795,2.795,1,1,0,1
"350","Shabazz Napier",27,"BRK","PG",2,56,2,17.6,3,0.389,1.4,0.333,1.7,0.449,0.476,2.1,0.833,0.3,1.5,1.8,2.6,0.7,0.3,1.2,1.2,9.4,1.893862,3.787723,1,0,1,0
"351","Shai Gilgeous-Alexander",20,"LAC","PG",2,82,73,26.5,4.2,0.476,0.6,0.367,3.5,0.503,0.512,1.9,0.8,0.7,2.1,2.8,3.3,1.2,0.5,1.7,2.1,10.8,3.66414,7.32828,1,1,0,1
"352","Shaquille Harrison",25,"CHI","PG",2,73,11,19.6,2.5,0.432,0.3,0.27,2.2,0.475,0.46,1.1,0.667,0.5,2.6,3,1.9,1.2,0.4,0.8,1.7,6.5,1.449748,2.899495,1,0,1,0
"353","Shaun Livingston",33,"GSW","PG",3,64,0,15.1,1.7,0.519,0,0,1.7,0.524,0.519,0.6,0.784,0.7,1.2,1.8,1.8,0.5,0.4,0.6,1.2,4,7.897436,23.692308,1,1,1,1
"354","Shelvin Mack",28,"CHO","PG",1,4,0,10.5,0.5,0.143,0,0,0.5,0.167,0.143,1.3,0.556,0,0.5,0.5,0.3,0.5,0,1,0.8,2.3,2.029463,2.029463,1,0,0,0
"355","Sindarius Thornwell",24,"LAC","SG",3,64,1,4.9,0.3,0.347,0,0.2,0.2,0.412,0.378,0.4,0.735,0.1,0.6,0.7,0.3,0.2,0.1,0.3,0.6,1,1.270792,3.812377,1,1,1,1
"356","Skal Labissiere",22,"POR","PF",4,9,1,7,1.4,0.684,0.2,1,1.2,0.647,0.737,0.3,0.5,0.6,1.6,2.1,0.6,0.3,0.3,0.4,0.9,3.4,1.596312,6.385249,0,1,1,1
"357","Solomon Hill",27,"NOP","SF",4,44,15,20,1.5,0.382,0.7,0.317,0.8,0.468,0.472,0.5,0.719,0.8,2.3,3,1.3,0.5,0.2,0.7,1.8,4.3,12,48,1,1,1,0
"358","Spencer Dinwiddie",25,"BRK","PG",3,68,4,28.1,5.4,0.442,1.8,0.335,3.6,0.528,0.517,4.2,0.806,0.4,2.1,2.4,4.6,0.6,0.3,2.2,2.8,16.8,11.453491,34.360473,1,0,0,0
"359","Spencer Dinwiddie",25,"BRK","PG",3,68,4,28.1,5.4,0.442,1.8,0.335,3.6,0.528,0.517,4.2,0.806,0.4,2.1,2.4,4.6,0.6,0.3,2.2,2.8,16.8,0.967911,2.903733,1,0,0,0
"360","Stanley Johnson",22,"NOP","SF",4,18,0,13.7,2.1,0.418,0.6,0.324,1.5,0.474,0.478,0.5,0.692,0.5,1.8,2.3,1.6,0.7,0.1,1.4,1.2,5.3,3.212511,12.850042,1,1,0,0
"361","Stephen Curry",30,"GSW","PG",5,69,69,33.8,9.2,0.472,5.1,0.437,4,0.525,0.604,3.8,0.916,0.7,4.7,5.3,5.2,1.3,0.4,2.8,2.4,27.3,40.231758,201.15879,1,1,0,1
"362","Sterling Brown",23,"MIL","SG",3,58,7,17.8,2.5,0.465,0.9,0.361,1.6,0.558,0.55,0.5,0.69,0.5,2.7,3.2,1.4,0.4,0.1,0.8,1.5,6.4,1.270792,3.812377,1,0,1,1
"363","Steven Adams",25,"OKC","C",4,80,80,33.4,6,0.595,0,0,6,0.596,0.595,1.8,0.5,4.9,4.6,9.5,1.6,1.5,1,1.7,2.6,13.9,25,100,0,1,0,1
"364","Sviatoslav Mykhailiuk",21,"DET","SG",3,3,0,6.7,0.7,0.25,0.7,0.5,0,0,0.375,0,NA,0.3,0.3,0.7,1.3,0.3,0,0.3,0,2,1.522802,4.568407,1,0,1,1
"365","T.J. McConnell",26,"PHI","PG",4,76,3,19.3,2.9,0.525,0.2,0.333,2.7,0.546,0.542,0.4,0.784,0.4,1.9,2.3,3.4,1,0.2,1.2,1.4,6.4,1.117908,4.471631,1,0,0,1
"366","T.J. Warren",25,"PHO","SF",4,43,36,31.6,6.9,0.486,1.8,0.428,5.1,0.51,0.549,2.3,0.815,0.7,3.3,4,1.5,1.2,0.7,1.2,2.8,18,2.319013,9.276051,1,1,0,0
"367","T.J. Warren",25,"PHO","SF",4,43,36,31.6,6.9,0.486,1.8,0.428,5.1,0.51,0.549,2.3,0.815,0.7,3.3,4,1.5,1.2,0.7,1.2,2.8,18,11.75,47,1,1,0,0
"368","Taj Gibson",33,"MIN","PF",2,70,57,24.1,4.3,0.566,0.2,0.324,4.2,0.583,0.576,1.9,0.757,2.5,4.1,6.5,1.2,0.8,0.6,1,2.7,10.8,14,28,0,1,0,0
"369","Terrance Ferguson",20,"OKC","SG",3,74,74,26.1,2.5,0.429,1.4,0.366,1.1,0.56,0.552,0.5,0.725,0.4,1.5,1.9,1,0.5,0.2,0.6,3.1,6.9,2.12656,6.37968,1,1,0,1
"370","Terrence Ross",27,"ORL","SG",3,81,0,26.5,5.4,0.428,2.7,0.383,2.8,0.484,0.534,1.6,0.875,0.3,3.1,3.5,1.7,0.9,0.4,1.1,1.5,15.1,10.5,31.5,1,0,0,1
"371","Terry Rozier",24,"BOS","PG",4,79,14,22.7,3.3,0.387,1.5,0.353,1.8,0.422,0.477,0.9,0.785,0.4,3.5,3.9,2.9,0.9,0.3,0.9,1.3,9,2.192428,8.76971,1,0,0,1
"372","Thabo Sefolosha",34,"UTA","SF",2,50,2,12.2,1.4,0.477,0.7,0.436,0.7,0.521,0.591,0.3,0.636,0.2,2.3,2.5,0.5,0.9,0.1,0.5,0.8,3.8,5.25,10.5,1,1,0,1
"373","Thaddeus Young",30,"IND","PF",4,81,81,30.7,5.5,0.527,0.6,0.349,4.8,0.564,0.557,1.1,0.644,2.4,4.1,6.5,2.5,1.5,0.4,1.5,2.4,12.6,13.5,54,0,0,0,1
"374","Thomas Bryant",21,"WAS","C",2,72,53,20.8,4.3,0.616,0.5,0.333,3.8,0.685,0.648,1.5,0.781,1.6,4.7,6.3,1.3,0.3,0.9,0.8,1.8,10.5,1.096929,2.193857,0,0,0,0
"375","Thon Maker",21,"DET","C",4,29,5,19.4,1.7,0.373,0.8,0.307,0.9,0.458,0.459,1.2,0.766,0.8,2.8,3.7,0.9,0.4,1.1,0.8,1.7,5.5,2.905531,11.622123,0,0,1,1
"376","Tim Frazier",28,"MIL","PG",1,12,2,17.6,2.3,0.424,0.8,0.417,1.5,0.429,0.5,0.8,0.692,0.8,1.8,2.6,3.5,0.4,0.1,1.3,1.6,6.3,0.210692,0.210692,1,0,0,1
"377","Timothe Luwawu-Cabarrot",23,"CHI","SG",3,29,6,18.8,2.4,0.394,1.1,0.33,1.3,0.469,0.483,0.9,0.771,0.2,2.5,2.7,0.8,0.5,0.2,0.6,2,6.8,1.419504,4.258511,1,0,1,0
"378","Tobias Harris",26,"PHI","SF",4,27,27,35,6.9,0.469,1.6,0.326,5.3,0.542,0.524,2.7,0.841,1.2,6.7,7.9,2.9,0.4,0.5,1.6,2.3,18.2,16,64,1,0,0,1
"379","Tomas Satoransky",27,"WAS","SG",3,80,54,27.1,3.2,0.485,0.8,0.395,2.4,0.524,0.545,1.6,0.819,1,2.5,3.5,5,1,0.2,1.5,2.2,8.9,3,9,1,0,0,0
"380","Tony Bradley",21,"UTA","C",2,3,0,12,2.7,0.5,0,NA,2.7,0.5,0.5,0.3,0.5,3,2,5,0.3,0.7,0.7,1,2,5.7,1.54722,3.09444,0,1,0,1
"381","Tony Parker",36,"CHO","PG",2,56,0,17.9,3.8,0.46,0.2,0.255,3.6,0.485,0.474,1.6,0.734,0.3,1.2,1.5,3.7,0.4,0.1,1.3,0.9,9.5,5,10,1,0,1,0
"382","Tony Snell",27,"MIL","SG",4,74,12,17.6,2.2,0.452,1.1,0.397,1.1,0.522,0.564,0.5,0.881,0.4,1.7,2.1,0.9,0.4,0.2,0.3,1.2,6,11.5,46,1,0,0,1
"383","Torrey Craig",28,"DEN","SF",2,75,37,20,2.1,0.442,0.8,0.324,1.3,0.569,0.526,0.7,0.7,1.2,2.3,3.5,1,0.5,0.6,0.6,2.3,5.7,2,4,1,1,1,1
"384","Trae Young",20,"ATL","PG",2,81,81,30.9,6.5,0.418,1.9,0.324,4.6,0.477,0.48,4.2,0.829,0.8,2.9,3.7,8.1,0.9,0.2,3.8,1.7,19.1,5.81472,11.62944,1,0,0,1
"385","Treveon Graham",25,"BRK","SG",2,35,21,20.4,1.8,0.335,1.1,0.297,0.7,0.413,0.435,0.5,0.818,0.7,2.4,3.1,1,0.4,0.2,0.5,1.9,5.3,1.578979,3.157958,1,0,1,0
"386","Trevor Ariza",33,"WAS","SF",1,43,43,34.1,4.8,0.409,2.2,0.322,2.6,0.528,0.502,2.2,0.777,0.8,4.5,5.3,3.8,1.2,0.3,1.6,2,14.1,15,15,1,0,0,0
"387","Trey Burke",26,"DAL","PG",2,25,1,17.4,3.5,0.463,1,0.356,2.5,0.53,0.532,1.6,0.837,0.5,1,1.5,2.6,0.5,0.1,0.8,1,9.7,1.289588,2.579175,1,1,0,0
"388","Trey Lyles",23,"DEN","PF",4,64,2,17.5,3.2,0.418,0.8,0.255,2.4,0.529,0.47,1.3,0.698,0.7,3.2,3.8,1.4,0.5,0.4,1.1,1.5,8.5,2.596512,10.386049,0,1,0,1
"389","Tristan Thompson",27,"CLE","C",5,43,40,27.9,4.7,0.529,0,NA,4.7,0.529,0.529,1.6,0.642,4,6.2,10.2,2,0.7,0.4,1.4,2.1,10.9,16.4,82,0,0,1,0
"390","Troy Daniels",27,"PHO","SG",3,51,1,14.9,2.2,0.411,1.5,0.381,0.8,0.481,0.545,0.4,0.783,0.3,1.2,1.4,0.5,0.5,0.1,0.5,1.5,6.2,3.333336,10.000009,1,1,0,0
"391","Tyler Dorsey",22,"MEM","SG",2,21,11,21.3,3.6,0.429,1.6,0.366,2,0.5,0.526,1,0.629,0.9,2.5,3.3,1.9,0.3,0,0.8,1.6,9.8,1.096929,2.193857,1,1,0,0
"392","Tyler Johnson",26,"PHO","SG",4,13,12,31.2,3.5,0.368,1.4,0.321,2.2,0.406,0.44,2.6,0.872,1.2,2.8,4,4.2,1.1,0.5,1.1,1.9,11.1,12.5,50,1,1,1,0
"393","Tyler Lydon",22,"DEN","PF",2,25,0,3.8,0.4,0.5,0.2,0.4,0.2,0.625,0.611,0,0.333,0.3,0.4,0.7,0.2,0.1,0,0.2,0.4,0.9,1.72704,3.45408,0,1,0,1
"394","Tyreke Evans",29,"IND","SG",1,69,18,20.3,3.7,0.389,1.1,0.356,2.6,0.405,0.448,1.7,0.719,0.5,2.4,2.9,2.4,0.8,0.3,1.7,1.7,10.2,12.4,12.4,1,0,0,1
"395","Tyrone Wallace",24,"LAC","SG",2,62,0,10.1,1.5,0.424,0.1,0.211,1.4,0.444,0.433,0.5,0.526,0.3,1.3,1.6,0.7,0.3,0.1,0.6,1.3,3.5,1.468807,2.937614,1,1,1,1
"396","Tyson Chandler",36,"LAL","C",1,48,6,16.4,1.1,0.609,0,0,1.1,0.616,0.609,0.9,0.594,1.8,3.8,5.6,0.6,0.4,0.5,0.7,1.9,3.1,2.109867,2.109867,0,1,0,0
"397","Tyus Jones",22,"MIN","PG",4,68,23,22.9,2.7,0.415,0.6,0.317,2.1,0.453,0.46,0.9,0.841,0.3,1.6,2,4.8,1.2,0.1,0.7,1.1,6.9,1.634299,6.537195,1,1,0,0
"398","Udonis Haslem",38,"MIA","PF",1,10,1,7.4,1.1,0.333,0,0,1.1,0.524,0.333,0.3,0.75,0.3,2.4,2.7,0.2,0,0,0.3,0.9,2.5,2.393887,2.393887,0,0,0,0
"399","Victor Oladipo",26,"IND","SG",4,36,36,31.9,6.9,0.423,2.1,0.343,4.9,0.47,0.486,2.9,0.73,0.6,5,5.6,5.2,1.7,0.3,2.3,2,18.8,21.25,85,1,0,0,1
"400","Vince Carter",42,"ATL","SG",1,76,9,17.5,2.6,0.419,1.6,0.389,1,0.48,0.55,0.6,0.712,0.4,2.1,2.6,1.1,0.6,0.4,0.6,1.9,7.4,2.393887,2.393887,1,0,0,1
"401","Wayne Ellington",31,"DET","SG",1,28,26,27.3,4.1,0.421,2.9,0.373,1.2,0.607,0.57,0.9,0.758,0.3,1.9,2.1,1.5,1.1,0.1,0.9,1.9,12,2.383076,2.383076,1,0,0,1
"402","Wayne Selden",24,"CHI","SG",2,43,13,22.9,3,0.407,0.8,0.315,2.2,0.455,0.461,1,0.714,0.5,2.7,3.2,1.7,0.5,0.2,1.3,1.9,8,1.428781,2.857562,1,0,0,0
"403","Wesley Iwundu",24,"ORL","SF",3,68,13,18.1,1.7,0.412,0.4,0.367,1.2,0.431,0.465,1.2,0.816,0.5,2.2,2.7,1.1,0.4,0.3,0.6,1.8,5,1.348921,4.046762,1,0,1,1
"404","Wesley Matthews",32,"IND","SG",1,23,23,31.5,3.5,0.386,2.1,0.369,1.4,0.413,0.5,1.8,0.854,0.5,2.3,2.8,2.4,0.9,0.2,1.3,2.4,10.9,0.737715,0.737715,1,0,0,1
"405","Will Barton",28,"DEN","SG",4,43,38,27.7,4.3,0.402,1.6,0.342,2.7,0.447,0.475,1.3,0.77,0.7,3.9,4.6,2.9,0.4,0.5,1.5,1.9,11.5,13.25,53,1,1,0,1
"406","Willie Cauley-Stein",25,"SAC","C",4,81,81,27.3,5.1,0.556,0,0.5,5.1,0.556,0.557,1.7,0.551,2.2,6.1,8.4,2.4,1.2,0.6,1,2.8,11.9,3.837619,15.350475,0,1,0,0
"407","Willy Hernangomez",24,"CHO","C",4,58,3,14,2.6,0.519,0.3,0.385,2.4,0.539,0.544,1.7,0.694,2,3.3,5.4,1,0.3,0.3,1,1.7,7.3,1.466125,5.8645,0,0,1,0
"408","Wilson Chandler",31,"LAC","SF",4,15,1,15.1,1.5,0.348,0.9,0.325,0.7,0.385,0.447,0.3,0.714,0.3,2.9,3.1,0.7,0.2,0.2,0.5,1.9,4.3,11.625,46.5,1,1,0,1
"409","Yogi Ferrell",25,"SAC","PG",2,71,3,15,2.2,0.435,0.8,0.362,1.4,0.488,0.511,0.8,0.896,0.2,1.4,1.5,1.9,0.5,0.1,0.6,0.9,5.9,3.075,6.15,1,1,1,0
"410","Zach Collins",21,"POR","C",3,77,0,17.6,2.5,0.473,0.5,0.331,1.9,0.534,0.523,1.2,0.746,1.4,2.8,4.2,0.9,0.3,0.9,1,2.3,6.6,3.64212,10.92636,0,1,0,1
"411","Zach LaVine",23,"CHI","SG",4,63,62,34.5,8.4,0.467,1.9,0.374,6.5,0.504,0.52,5,0.832,0.6,4,4.7,4.5,1,0.4,3.4,2.2,23.7,19.5,78,1,0,0,0
"412","Zaza Pachulia",34,"DET","C",1,68,3,12.9,1.3,0.44,0,0,1.3,0.45,0.44,1.4,0.782,1.5,2.4,3.9,1.3,0.5,0.3,0.8,2.2,3.9,2.393887,2.393887,0,0,0,1
"413","Zhaire Smith",19,"PHI","SG",2,6,2,18.5,2.3,0.412,1,0.375,1.3,0.444,0.5,1,0.75,0.5,1.7,2.2,1.7,0.3,0.3,1,1.3,6.7,2.8353,5.6706,1,0,0,1
